:020000040800F2
<<<<<<< Updated upstream
:10000000000002206D450008D1420008D9420008D6
:10001000E1420008E9420008F14200080000000047
:10002000000000000000000000000000F94200088D
:1000300007430008000000001543000823430008A0
:10004000BD450008BD450008BD450008BD45000888
:10005000BD450008BD450008BD4500082F43000808
:10006000BD450008BD450008BD450008BD45000868
:10007000BD450008BD450008BD450008BD45000858
:10008000BD450008BD450008BD4500080000000052
:10009000000000000000000000000000BD45000856
:1000A000BD4500083D430008BD450008BD450008AA
:1000B000BD450008BD450008BD450008BD45000818
:1000C000BD450008BD450008BD450008BD45000808
:1000D000BD450008BD450008BD4500080000000002
:1000E00051430008BD450008BD4500080000000060
:1000F000000000000000000000000000BD450008F6
:1001000000000000BD450008BD450008BD450008D1
:1001100000000000000000000000000000000000DF
:10012000BD450008BD450008BD450008BD450008A7
:10013000BD450008000000000000000000000000B5
:10014000000000000000000000000000BD450008A5
:10015000BD450008BD450008BD45000861430008D5
:10016000BD450008BD45000800000000000000007B
:10017000000000000000000000000000000000007F
:1001800000000000BD450008000000000000000065
:08019000BD450008BD45000853
:1001A00010B5054C237833B9044B13B10448AFF3B1
:1001B00000800123237010BDDC010020000000003E
:1001C00088B9000808B5034B1BB103490348AFF3D6
:1001D000008008BD00000000E001002088B9000890
=======
:100000000000022089340008A9310008B13100083D
:10001000B9310008C1310008C931000800000000F2
:10002000000000000000000000000000D1310008C6
:10003000DF31000800000000ED310008FB3100084E
:10004000D9340008D9340008D9340008D93400085C
:10005000D9340008D9340008D93400080732000820
:10006000D9340008D9340008D9340008D93400083C
:10007000D9340008D9340008D9340008D93400082C
:10008000D9340008D9340008D93400080000000031
:10009000000000000000000000000000D93400084B
:1000A000D934000815320008D9340008D9340008C2
:1000B000D9340008D9340008D9340008D9340008EC
:1000C000D9340008D9340008D9340008D9340008DC
:1000D000D9340008D9340008D934000800000000E1
:1000E00029320008D9340008D93400080000000083
:1000F000000000000000000000000000D9340008EB
:1001000000000000D9340008D9340008D9340008B0
:1001100000000000000000000000000000000000DF
:10012000D9340008D9340008D9340008D93400087B
:10013000D9340008000000000000000000000000AA
:10014000000000000000000000000000D93400089A
:10015000D9340008D9340008D934000839320008ED
:10016000D9340008D9340008000000000000000065
:10017000000000000000000000000000000000007F
:1001800000000000D934000800000000000000005A
:08019000D9340008D93400083D
:1001A00010B5054C237833B9044B13B10448AFF3B1
:1001B00000800123237010BD080200200000000011
:1001C00004A9000808B5034B1BB103490348AFF36A
:1001D000008008BD000000000C02002004A90008F7
>>>>>>> Stashed changes
:1001E00001F0FF01102A2BDB10F0070F08D010F8E8
:1001F000013B013A8B422DD010F0070F42B3F6D1EC
:10020000F0B441EA012141EA014122F007047FF004
:1002100000070023F0E80256083C85EA010586EA5B
:10022000010685FA47F5A3FA87F586FA47F6A5FA97
:1002300087F68EB9EED1F0BC01F0FF0102F00702A3
:1002400032B110F8013B013A83EA010313B1F8D14E
:100250000020704701387047002D06BF354603382F
:10026000073815F0010F07D1013015F4807F02BF68
:10027000013015F4C03F0130F0BC0138704700BFB9
:10028000034613F8012B002AFBD1181A01387047D6
:1002900081F0004102E000BF83F0004330B54FEA37
:1002A00041044FEA430594EA050F08BF90EA020FA4
:1002B0001FBF54EA000C55EA020C7FEA645C7FEA37
:1002C000655C00F0E2804FEA5454D4EB5555B8BF5A
:1002D0006D420CDD2C4480EA020281EA030382EACB
:1002E000000083EA010180EA020281EA0303362D5D
:1002F00088BF30BD11F0004F4FEA01314FF4801C30
:100300004CEA113102D0404261EB410113F0004F41
:100310004FEA03334CEA133302D0524263EB4303F8
:1003200094EA050F00F0A780A4F10104D5F1200E96
:100330000DDB02FA0EFC22FA05F2801841F10001F1
:1003400003FA0EF2801843FA05F359410EE0A5F1C5
:1003500020050EF1200E012A03FA0EFC28BF4CF0F6
:10036000020C43FA05F3C01851EBE37101F00045AC
:1003700007D54FF0000EDCF1000C7EEB00006EEBB9
:100380000101B1F5801F1BD3B1F5001F0CD3490843
:100390005FEA30004FEA3C0C04F101044FEA44529A
:1003A00012F5800F80F09A80BCF1004F08BF5FEA21
:1003B000500C50F1000041EB045141EA050130BD01
:1003C0005FEA4C0C404141EB0101013C28BFB1F513
:1003D000801FE9D291F0000F04BF01460020B1FA5E
:1003E00081F308BF2033A3F10B03B3F120020CDA31
:1003F0000C3208DD02F1140CC2F10C0201FA0CF00F
:1004000021FA02F10CE002F11402D8BFC2F1200C73
:1004100001FA02F120FA0CFCDCBF41EA0C01904029
:10042000E41AA2BF01EB0451294330BD6FEA040472
:100430001F3C1CDA0C340EDC04F11404C4F120025D
:1004400020FA04F001FA02F340EA030021FA04F36F
:1004500045EA030130BDC4F10C04C4F1200220FAC6
:1004600002F001FA04F340EA0300294630BD21FA04
:1004700004F0294630BD94F0000F83F4801306BFCA
:1004800081F480110134013D4EE77FEA645C18BFBE
:100490007FEA655C29D094EA050F08BF90EA020F55
:1004A00005D054EA000C04BF1946104630BD91EA4D
:1004B000030F1EBF0021002030BD5FEA545C05D150
:1004C0004000494128BF41F0004130BD14F580048F
:1004D0003CBF01F5801130BD01F0004545F0FE4103
:1004E00041F470014FF0000030BD7FEA645C1ABF38
:1004F000194610467FEA655C1CBF0B46024650EA6F
:10050000013406BF52EA033591EA030F41F400219A
:1005100030BD00BF90F0000F04BF0021704730B520
:100520004FF4806404F132044FF000054FF00001F5
:1005300050E700BF90F0000F04BF0021704730B5B6
:100540004FF4806404F1320410F0004548BF40428B
:100550004FF000013EE700BF42004FEAE2014FEAE0
:1005600031014FEA02701FBF12F07F4393F07F4FBB
:1005700081F06051704732F07F4208BF704793F0BE
:100580007F4F04BF41F40021704730B54FF46074D1
:1005900001F0004521F000411CE700BF50EA0102D4
:1005A00008BF704730B54FF000050AE050EA01027D
:1005B00008BF704730B511F0004502D5404261EBED
:1005C00041014FF4806404F132045FEA915C3FF42E
:1005D000D8AE4FF003025FEADC0C18BF03325FEACB
:1005E000DC0C18BF033202EBDC02C2F1200300FA7C
:1005F00003FC20FA02F001FA03FE40EA0E0021FAA1
:1006000002F11444BDE600BF70B54FF0FF0C4CF48E
:10061000E06C1CEA11541DBF1CEA135594EA0C0F40
:1006200095EA0C0F00F0DEF82C4481EA030621EA7B
:100630004C5123EA4C5350EA013518BF52EA0335B6
:1006400041F4801143F4801338D0A0FB02CE4FF068
:100650000005E1FB02E506F00042E0FB03E54FF098
:100660000006E1FB03569CF0000F18BF4EF0010E90
:10067000A4F1FF04B6F5007F64F5407404D25FEA8C
:100680004E0E6D4146EB060642EAC62141EA55513F
:100690004FEAC52040EA5E504FEACE2EB4F1FD0C81
:1006A00088BFBCF5E06F1ED8BEF1004F08BF5FEAFF
:1006B000500E50F1000041EB045170BD06F00046B1
:1006C00046EA010140EA020081EA0301B4EB5C045E
:1006D000C2BFD4EB0C0541EA045170BD41F4801156
:1006E0004FF0000E013C00F3AB8014F1360FDEBF7B
:1006F000002001F0004170BDC4F10004203C35DA57
:100700000C341BDC04F11404C4F1200500FA05F3D9
:1007100020FA04F001FA05F240EA020001F000427A
:1007200021F0004110EBD37021FA04F642EB0601F0
:100730005EEA430E08BF20EAD37070BDC4F10C041A
:10074000C4F1200500FA04F320FA05F001FA04F2DE
:1007500040EA020001F0004110EBD37041F10001CA
:100760005EEA430E08BF20EAD37070BDC4F12005D5
:1007700000FA05F24EEA020E20FA04F301FA05F23D
:1007800043EA020321FA04F001F0004121FA04F2E5
:1007900020EA020000EBD3705EEA430E08BF20EAB5
:1007A000D37070BD94F0000F0FD101F000464000EF
:1007B00041EB010111F4801F08BF013CF7D041EA71
:1007C000060195F0000F18BF704703F00046520075
:1007D00043EB030313F4801F08BF013DF7D043EA46
:1007E0000603704794EA0C0F0CEA135518BF95EAFC
:1007F0000C0F0CD050EA410618BF52EA4306D1D183
:1008000081EA030101F000414FF0000070BD50EAA1
:10081000410606BF1046194652EA430619D094EA2B
:100820000C0F02D150EA013613D195EA0C0F05D115
:1008300052EA03361CBF104619460AD181EA030169
:1008400001F0004141F0FE4141F470014FF0000021
:1008500070BD41F0FE4141F4780170BD70B54FF0BC
:10086000FF0C4CF4E06C1CEA11541DBF1CEA13553C
:1008700094EA0C0F95EA0C0F00F0A7F8A4EB05041E
:1008800081EA030E52EA03354FEA013100F0888015
:100890004FEA03334FF0805545EA131343EA1263DE
:1008A0004FEA022245EA111545EA10654FEA002693
:1008B0000EF000419D4208BF964244F1FD0404F54C
:1008C000407402D25B084FEA3202B61A65EB0305A8
:1008D0005B084FEA32024FF480104FF4002CB6EB65
:1008E000020E75EB030E22BFB61A754640EA0C00E5
:1008F0005B084FEA3202B6EB020E75EB030E22BF25
:10090000B61A754640EA5C005B084FEA3202B6EB65
:10091000020E75EB030E22BFB61A754640EA9C0024
:100920005B084FEA3202B6EB020E75EB030E22BFF4
:10093000B61A754640EADC0055EA060E18D04FEAB2
:10094000051545EA16754FEA06164FEAC30343EA52
:1009500052734FEAC2025FEA1C1CC0D111F4801F1F
:100960000BD141EA00014FF000004FF0004CB6E718
:1009700011F4801F04BF01430020B4F1FD0C88BFB7
:10098000BCF5E06F3FF6AFAEB5EB030C04BFB6EBC2
:10099000020C5FEA500C50F1000041EB045170BDB5
:1009A0000EF0004E4EEA113114EB5C04C2BFD4EBE2
:1009B0000C0541EA045170BD41F480114FF0000E66
:1009C000013C90E645EA060E8DE60CEA135594EAE2
:1009D0000C0F08BF95EA0C0F3FF43BAF94EA0C0FE5
:1009E0000AD150EA01347FF434AF95EA0C0F7FF45A
:1009F00025AF104619462CE795EA0C0F06D152EAAE
:100A000003353FF4FDAE1046194622E750EA410691
:100A100018BF52EA43067FF4C5AE50EA41047FF4A2
:100A20000DAF52EA43057FF4EBAE12E74FF0FF3C07
:100A300006E000BF4FF0010C02E000BF4FF0010CD8
:100A40004DF804CD4FEA410C7FEA6C5C4FEA430C51
:100A500018BF7FEA6C5C1BD001B050EA410C0CBFA0
:100A600052EA430C91EA030F02BF90EA020F002002
:100A7000704710F1000F91EA030F58BF994208BF69
:100A800090422CBFD8176FEAE37040F00100704726
:100A90004FEA410C7FEA6C5C02D150EA013C07D17D
:100AA0004FEA430C7FEA6C5CD6D152EA033CD3D0C8
:100AB0005DF8040B704700BF8446104662468C46C2
:100AC0001946634600E000BF01B5FFF7B7FF0028F5
:100AD00048BF10F1000F01BD4DF808EDFFF7F4FF1E
:100AE0000CBF012000205DF808FB00BF4DF808EDA9
:100AF000FFF7EAFF34BF012000205DF808FB00BFCC
:100B00004DF808EDFFF7E0FF94BF012000205DF8ED
:100B100008FB00BF4DF808EDFFF7CEFF94BF0120A2
:100B200000205DF808FB00BF4DF808EDFFF7C4FF9B
:100B300034BF012000205DF808FB00BF4FEA410CE4
:100B40007FEA6C5C02D150EA013C0AD14FEA430CC7
:100B50007FEA6C5C02D152EA033C02D14FF0000004
:100B600070474FF0010070474FEA410212F5001242
:100B700015D211D56FF47873B3EB625212D94FEAE4
:100B8000C12343F0004343EA505311F0004F23FACE
:100B900002F018BF404270474FF00000704750EA23
:100BA000013005D111F0004008BF6FF000407047E0
:100BB0004FF00000704700BF53B94AB9002908BF81
:100BC00000281CBF4FF0FF314FF0FF3000F088B914
:100BD000ADF1080C6DE904CE00F006F8DDF804E094
:100BE000DDE9022304B070472DE9F047089D8E46E9
:100BF00004468846002B4AD18A42174662D9B2FA87
:100C000082F64EB1C6F1200301FA06F820FA03F38A
:100C1000B74043EA0808B4404FEA174E1FFA87FC72
:100C2000B8FBFEF1230C0EFB118843EA084301FBDD
:100C30000CF29A4209D9FB1801F1FF3080F0EA80EA
:100C40009A4240F2E78002393B449A1AA3B2B2FBBF
:100C5000FEF00EFB102243EA024300FB0CFC9C4515
:100C600009D9FB1800F1FF3280F0D6809C4540F294
:100C7000D3803B44023840EA0140A3EB0C0300213F
:100C80001DB1F3400022C5E90032BDE8F0878B4278
:100C900005D90DB1C5E9000100210846F5E7B3FA11
:100CA00083F1002946D1734502D3824200F20581C7
:100CB000841A6EEB030201209046002DE5D0C5E9B1
:100CC0000048E2E7002A00F09080B2FA82F6002E97
:100CD00040F0A4808A1A030C4FEA174E80B2BCB2CF
:100CE0000121B2FBFEFC0EFB1C2243EA024304FB83
:100CF0000CF29A4207D9FB180CF1FF3802D29A4243
:100D000000F2E080C4469B1AB3FBFEF20EFB1233E6
:100D100040EA034302FB04F49C4207D9FB1802F1AA
:100D2000FF3002D29C4200F2CA8002461B1B42EAFC
:100D30000C40A5E7C1F120068B4022FA06F71F43BD
:100D40000EFA01F420FA06F32EFA06FE4FEA1749CE
:100D5000234300FA01F81FFA87FCBEFBF9F01C0CD4
:100D600009FB10EE44EA0E4400FB0CFEA64502FA15
:100D700001F209D93C1900F1FF3A80F09C80A645A8
:100D800040F2998002383C44A4EB0E041FFA83FE23
:100D9000B4FBF9F309FB13444EEA044403FB0CFCD7
:100DA000A44508D93C1903F1FF3E80F08280A44598
:100DB0007FD9023B3C4443EA0040A4EB0C04A0FB77
:100DC00002EC64457346E14662D35FD05DB1B8EB97
:100DD000030264EB090404FA06F622FA01F31E4347
:100DE000CC40C5E9006400214FE7B1FBF2FC010CE7
:100DF00041EA0E4180B240EA01423B4638463C4659
:100E0000B846BE462026B1FBF7F1A2EB080241EA44
:100E10000C4166E7014618E710462CE7C6F12002B0
:100E20002EFA02F3B740B14020FA02F24FEA174E11
:100E30000A43B3FBFEF8BCB20EFB1833110C41EAB7
:100E4000034108FB04F9B04089454FEA104380B2E2
:100E50003ED9791808F1FF3C01D289451FD8A1EB92
:100E60000901B1FBFEF909FB04F80EFB191192B25E
:100E700042EA0142424529D2BA1809F1FF31C4D2EF
:100E80004245C2D2A9F102013A44BEE7F0459DD2E3
:100E9000BEEB02036CEB070C0138E14696E7A7EBCB
:100EA00009094944A8F1020CB1FBFEF909FB04F859
:100EB000DBE773467FE7504666E70846FDE63B44BE
:100EC000023A33E7ACF1020C3B441CE749469CE78D
:100ED000A1EB0901C446B1FBFEF909FB04F8C4E724
:100EE000704700BF80B584B000AF03460A46FB8060
:100EF0001346BB80FB88002B06D100F037F8BB8877
<<<<<<< Updated upstream
:100F0000184603F0CFFB2AE0FB88164A92FBF3F366
:100F1000FB60FB68B3F5803F02D34FF6FF73FB60C5
:100F2000FB68132B01D81423FB600F4B1B68FA6876
:100F3000013ADA62FB68013B0B4AD3600A4B1B683B
:100F4000FA685208DA630821074805F007FEBB88F3
:100F5000184603F0A7FB0821034805F0AFFE103741
:100F6000BD4680BD00093D009C02002080B500AF59
:100F70000821024805F0A2FE00BF80BD9C020020AF
:100F800080B500AFC82140F20B20FFF7ABFF322144
:100F90000020FFF7A7FFC82140F29320FFF7A2FF30
:100FA00032210020FFF79EFF4FF496714FF44470FA
:100FB000FFF798FF00BF80BD80B500AF96214FF4CA
:100FC0004470FFF78FFF32210020FFF78BFFC8210D
:100FD00040F21740FFF786FF00BF80BD80B500AF2D
:100FE000642140F20B20FFF77DFF642140F2932043
:100FF000FFF778FF64214FF44470FFF773FFC821B7
:1010000040F21740FFF76EFF64210020FFF76AFFF0
:10101000642140F21740FFF765FF64214FF44470EC
:10102000FFF760FF4FF4967140F21740FFF75AFF49
:1010300000BF80BD80B582B000AF00237B600AE0B6
:10104000C821DC20FFF74EFF64210020FFF74AFF94
:101050007B6801337B607B68022BF1DD00BF00BF42
:101060000837BD4680BD000080B5ADF5036D00AF0B
:10107000634800F04DFC0023C7F82C381DE0002326
:10108000C7F8283810E05F49D7F82C381A01D7F88C
:10109000283813441B010B4442F20F721A60D7F830
:1010A00028380133C7F82838D7F828380F2BEADD5D
:1010B000D7F82C380133C7F82C38D7F82C380F2B39
:1010C000DDDD002387F827384F4B1A684F4B1B682C
:1010D0004C49120113441B010B4404331B78002BB1
:1010E00015D0494B1A68494B1B68464912011344F5
:1010F0001B010B4400221A60012387F82738424B5A
:101100001B68424A12681946414800F017FC414BDF
:101110001A683E4B1B683B49120113441B010B44E8
:1011200004331B78002B15D03A4B1A68374B1B68D9
:101130003449120113441B010B4400221A6001239D
:1011400087F82738334B1B68304A126819463048F5
:1011500000F0F4FB2C4B1A682F4B1B682949120135
:1011600013441B010B4404331B78002B15D0264B72
:101170001A68294B1B682349120113441B010B44B5
:1011800000221A60012387F827381F4B1B68224A68
:10119000126819461E4800F0D1FB1E4B1A681E4B00
:1011A0001B681849120113441B010B4404331B78BC
:1011B000002B15D0174B1A68174B1B6811491201E9
:1011C00013441B010B4400221A60012387F82738BF
:1011D000104B1B68104A126819460D4800F0AEFB10
:1011E00097F8273883F00103DBB2002B1AD00B48A5
:1011F00000F08EFB0A4B42F20F721A60BAE100BF98
:10120000A0B900080404002030D7000834D7000833
:10121000DCB9000838D700083CD70008F8B9000846
:10122000541400200023C7F820380023C7F81C38C6
:10123000B84B1A68B84B1B68B849120113441B011C
:101240000B4404331B78002B22D0B24B1A68B24BEC
:101250001B68B249120113441B010B441B68002B8D
:1012600016D1AC4B196807F50363A3F58663D7F86D
:101270001C2843F82210D7F81C385A1CC7F81C2821
:10128000A54A116807F50362A2F5036242F823102C
:10129000A34B1A68A04B1B68A049120113441B0101
:1012A0000B4404331B78002B22D09D4B1A689A4BB9
:1012B0001B689A49120113441B010B441B68002B45
:1012C00016D1974B196807F50363A3F58663D7F822
:1012D0001C2843F82210D7F81C385A1CC7F81C28C1
:1012E0008D4A116807F50362A2F5036242F82310E4
:1012F000884B1A688B4B1B688849120113441B01E9
:101300000B4404331B78002B22D0824B1A68854B88
:101310001B688249120113441B010B441B68002BFC
:1013200016D17C4B196807F50363A3F58663D7F8DC
:101330001C2843F82210D7F81C385A1CC7F81C2860
:10134000784A116807F50362A2F5036242F8231098
:10135000734B1A68734B1B687049120113441B01CD
:101360000B4404331B78002B22D06D4B1A686D4B55
:101370001B686A49120113441B010B441B68002BB4
:1013800016D1674B196807F50363A3F58663D7F891
:101390001C2843F82210D7F81C385A1CC7F81C2800
:1013A000604A116807F50362A2F5036242F8231050
:1013B0000023C7F81838C7E007F50363A3F5866371
:1013C000D7F8202853F82230C7F81038D7F820383B
:1013D0005A1CC7F8202807F50362A2F5036252F8E9
:1013E0002330C7F80C380023C7F81438A7E04E4A5A
:1013F000D7F8143852F82330D7F810281344C7F818
:1014000008384A4AD7F8143852F82330D7F80C284D
:101410001344C7F80438D7F80838002BC0F28A8084
:10142000D7F808380F2B00F38580D7F80438002B45
:10143000C0F28080D7F804380F2B7BDC3749D7F80F
:1014400008381A01D7F8043813441B010B4404333D
:101450001B78002B6ED03149D7F810381A01D7F815
:101460000C3813441B01CA18D7F814381344053339
:101470001B7883F00103DBB2002B5BD02749D7F840
:1014800010381A01D7F80C3813441B010B441B68A1
:101490000133C7F800382149D7F808381A01D7F8BE
:1014A000043813441B010B441B68D7F800289A42E8
:1014B00040DA1A49D7F808381A01D7F80438134423
:1014C0001B010B44D7F800281A60D7F81C38FE2BF4
:1014D0001CDC07F50363A3F58663D7F81C28D7F84F
:1014E000081843F82210D7F81C385A1CC7F81C28D3
:1014F00007F50362A2F50362D7F8041842F8231037
:10150000D7F818380133C7F8183813E0084800F046
:10151000FFF919E030D7000834D700080404002090
:1015200038D700083CD7000810D7000820D700089B
:1015300034BA0008D7F814380133C7F81438D7F88C
:101540001438032B7FF753AFD7F82028D7F81C386F
:101550009A42FFF631AF094B1B68094A1360084BEA
:101560001B681946074800F0E9F9D7F8181806482B
:1015700000F0E4F907F50367BD4680BD04040020D0
:101580005414002048BA000888BA000880B586B014
:1015900000AF724800F0BCF900237B614FF4807308
:1015A000BB6000233B6119E00023FB6010E06C4945
:1015B0003B691A01FB6813441B010B4404331B787D
:1015C000002B02D07B6901337B61FB680133FB6038
:1015D000FB680F2BEBDD3B6901333B613B690F2B54
:1015E000E2DD7B6907EE903AF8EEE76ABB6807EE4A
:1015F000903AB8EEE77AC6EE877A9FED5A7A67EEB0
:10160000877AC7ED017A584800F082F97868FEF7CA
:10161000A3FF02460B46554800F090F9BA68796975
:10162000534800F08BF9534B1B681946524800F0A1
:1016300085F9524800F06CF9514B1B6842F20E726A
:1016400093420CDC4E4B1B6819464E4800F076F96D
:101650004D4800F05DF94D4800F05AF905E04C485E
:1016600000F056F94B4800F053F94B4800F050F9A0
:10167000D7ED017A9FED497AF4EEC77AF1EE10FAD0
:101680000CD83F4B1B6842F20E72934206DC444872
:1016900000F03EF9434800F03BF925E0D7ED017A30
:1016A0009FED417AF4EEC77AF1EE10FA06D83F4882
:1016B00000F02EF93E4800F02BF915E0D7ED017A45
:1016C0009FED3C7AF4EEC77AF1EE10FA06D83A486C
:1016D00000F01EF9394800F01BF905E0384800F029
:1016E00017F9384800F014F9374800F011F9D7ED30
:1016F000017A9FED2A7AF4EEC77AF1EE10FA0FD84C
:101700001F4B1B6842F20E72934209DC2F4800F017
:10171000FFF82F4800F0FCF82E4800F0F9F815E02B
:10172000D7ED017A9FED2C7AF4EEC77AF1EE10FA3C
:1017300006DD2A4800F0ECF8294800F0E9F805E059
:10174000284800F0E5F8284800F0E2F8274800F0C3
:10175000DFF800BF1837BD4680BD00BFB4BA00082F
:10176000040400200000C842E4BA000800BB0008DE
:1017700024BB0008501400203CBB000864BB0008D8
:101780005414002084BB0008B4BB0008ECBB000864
:101790001CBC00084CBC000884BC00080000484287
:1017A000A4BC0008CCBC00080000824208BD0008B0
:1017B0002CBD00080000A04270BD000890BD0008CC
:1017C000C4BD0008E4BD000824BE00084CBE0008EB
:1017D0008CBE0008B4BE000800009642E4BE0008BB
:1017E00010BF000850BF000884BF0008BCBF00083D
:1017F00080B584B000AF3A4800F08AF8394800F06C
:1018000087F80023FB6006E0F968374800F096F897
:10181000FB680133FB60FB680F2BF5DD334800F0FC
:1018200077F80F23BB6040E0B968314800F086F8D4
:1018300000237B6030E02F497B681A01BB681344AA
:101840001B010B4404331B7883F00103DBB2002B34
:1018500003D0294800F05CF81BE026497B681A0198
:10186000BB6813441B010B441B6842F20F72934286
:1018700003D1224800F04CF80BE01E497B681A01A6
:10188000BB6813441B010B441B681946164800F043
:1018900055F87B6801337B607B680F2BCBDD1348E9
:1018A00000F036F8BB68013BBB60BB68002BBBDABD
:1018B000134B1B6842F20E72934206DC104B1B68FE
:1018C0001946104800F03AF802E00F4800F020F8FE
:1018D0000E4800F01DF800BF1037BD4680BD00BFA8
:1018E000E8BF000820C0000824C0000828C0000885
:1018F0002CC000080404002034C0000838C00008D0
:101900005414002040C0000874C00008A4C000089F
:1019100080B582B000AF78607868FEF7B1FC03460E
:101920009AB24FF47A737968034806F001FA00BF5F
:101930000837BD4680BD00BFBC0300200FB480B592
:10194000C2B000AF07F58A7207F58473A3F58273FE
:101950001A6007F58473A3F5827307F108001B680A
:10196000D7F810214FF4807107F034FF07F1080316
:101970001846FFF7CDFF00BF07F58477BD46BDE8E9
:10198000804004B07047000080B584B002AF164BB1
:101990001B8807EE903AF8EEE77A9FED147A27EE6F
:1019A000877ADFED136AC7EE267AC7ED017A786889
:1019B000FEF7D2FD02460B460B49098800910D48FF
:1019C000FFF7BCFF084B1B8840F6B732934203D8A1
:1019D0000948FFF79DFF02E00848FFF799FF00BFA5
:1019E0000837BD4680BD00BF181400203333534074
:1019F0000000804500C7000818C7000834C7000869
:101A000080B500AF0B48FFF783FF0B48FFF796FF49
:101A10000A48FFF793FF0A48FFF790FF0948FFF7CE
:101A20008DFF0948FFF78AFF0848FFF771FF00BFE5
:101A300080BD00BF3CC7000864C7000898C7000805
:101A4000B8C70008E4C7000810C8000844C8000868
:101A500080B584B000AF0346FB71FB7963F07F0370
:101A6000DBB27B7300233B7300224FF48051174895
:101A700003F056FD07F10D0164230122144804F020
:101A80007CFA0346FB7307F10C0164230122104822
:101A900004F0B7FB0346BB7301224FF480510B489F
:101AA00003F03EFDFB7B002B02D1BB7B002B07D05C
:101AB0000848FFF72DFF084B00221A70FF2300E0B3
:101AC0003B7B18461037BD4680BD00BF0004024076
:101AD000440200206CC80008F801002080B584B0E2
:101AE00000AF03460A46FB711346BB71FB793B739B
:101AF000BB797B7300224FF48051114803F010FD35
:101B000007F10C01642302220E4804F036FA034662
:101B1000FB7301224FF48051094803F001FDFB7B68
:101B2000002B05D00848FFF7F3FE084B00221A707F
:101B3000012002F0B7FD00BF1037BD4680BD00BFD9
:101B4000000402404402002090C80008F801002070
:101B500080B582B000AF5548FFF7DAFE5448FFF772
:101B6000D7FE642002F09EFD7520FFF771FF03464B
:101B7000FB71FB79702B25D14E48FFF7C9FE802100
:101B80006B20FFF7ABFF642002F08CFD6A20FFF7AB
:101B90005FFF0346BB71BB7943F01003BB71BB7998
:101BA00019466A20FFF79AFF0A2002F07BFD6A209F
:101BB000FFF74EFF03467B717B7903F01003002B88
:101BC0000FD00AE0FB79702219463B48FFF7B6FEBA
:101BD0003A4B00221A70002364E03948FFF798FE60
:101BE00002E03848FFF794FE01216B20FFF776FFF3
:101BF0000A2002F057FD00216C20FFF76FFF0A203A
:101C000002F050FD07211920FFF768FF0A2002F0BB
:101C100049FD03211A20FFF761FF0A2002F042FD6F
:101C200008211B20FFF75AFF0A2002F03BFD082184
:101C30001C20FFF753FF0A2002F034FD03211D2072
:101C4000FFF74CFF0A2002F02DFD6B20FFF700FF8D
:101C500003463B711B20FFF7FBFE0346FB701C2075
:101C6000FFF7F6FE0346BB703979FA78BB78164861
:101C7000FFF764FE3B79012B0DD1FB78082B0AD1CD
:101C8000BB78082B07D11148FFF742FE0B4B01220E
:101C90001A70012306E00E48FFF73AFE074B0022B8
:101CA0001A70002318460837BD4680BDB8C8000822
:101CB000D4C8000800C9000820C90008F8010020A5
:101CC00058C900088CC90008C0C9000800CA00082B
:101CD00028CA000880B400AF034B1B781846BD46E5
:101CE0005DF8047B704700BFF801002080B582B02A
:101CF00000AF02F065FC00F007F900F037FC00F0DF
:101D00006BF900F0F3F900F027FA00F0C5FA00F0E3
:101D1000AFFB00F001FC00F013FB00F01DFDFFF72E
:101D2000D9FF034683F00103DBB2002B02D06748E2
:101D3000FFF7EEFD01F090FF654B1B88002B12D1E1
:101D4000634B1B89002B0ED1614B5B88002B0AD1A2
:101D50005F4BDB88002B06D15D4B9B88002B02D1AB
:101D60005C48FFF7D5FD01F041FD01F02BFD7860E7
:101D700001F032FD3860642002F094FC01F022FD95
:101D8000786001F029FD38607B68002B05D13B6845
:101D9000002B02D15048FFF7BBFDFFF7F1F80122FD
:101DA00010214E4803F0BCFB012220214B4803F0D8
:101DB000B7FB4FF47A7002F075FC002210214748FF
:101DC00003F0AEFB00222021444803F0A9FB444865
:101DD000FFF79EFDFFF714FE4248FFF799FD06E06E
:101DE0000A2002F05FFC10213C4803F0B2FB3E4B9E
:101DF0001B78DBB2002BF3D000221021374803F010
:101E00008FFB00222021354803F08AFBFFF7D4F82E
:101E10004FF4FA6002F046FC3448FFF779FD01F018
:101E2000E5FC01F0D9FF01F00FFA01F015FF304B8E
:101E30001B78DBB2012B14D12D4B00221A702D4BD5
:101E40001B7B002B06D02B4B5B7B002B02D001F0C1
:101E500079FB06E02848FFF75BFD01F047FB01F046
:101E6000F3F9234B1B78DBB2022B07D1204B002266
:101E70001A7001F03BFB2148FFF74AFD02F006FC17
:101E800002461F4B1B68D31A41F28832934206D98F
:101E9000FFF77AFD02F0FAFB0346194A136002F0DD
:101EA000F5FB0246174B1B68D31AB3F5FA6F08D936
:101EB00010210A4803F04DFB02F0E8FB0346114AEB
:101EC0001360642002F0EEFBAFE700BF9CCC00087B
:101ED00018140020D0CC000808CD000800040240EF
:101EE00038CD00085CCD00084D14002084CD0008DA
:101EF0004C14002004140020A4CD0008D0CD00080C
:101F0000581400205C14002080B594B000AF07F195
:101F1000200330220021184607F06AFC07F10C0369
:101F200000221A605A609A60DA601A610023BB606E
:101F3000274B1B6C264A43F080531364244B1B6CC5
:101F400003F08053BB60BB6800237B60214B1B68A0
:101F5000204A43F4404313601E4B1B6803F4404384
:101F60007B607B6802233B620123FB6210233B639F
:101F70000223BB630023FB6310233B64A8237B6421
:101F80000223BB640423FB6407F12003184603F01B
:101F900013FB0346002B01D000F0CAFB0F23FB60AC
:101FA00002233B6100237B614FF48053BB6100231C
:101FB000FB6107F10C030221184603F075FD03468F
:101FC000002B01D000F0B4FB00BF5037BD4680BDF0
:101FD000003802400070004080B584B000AF3B463E
:101FE00000221A605A609A60DA603D4B3D4A1A60DE
:101FF0003B4B4FF480325A60394B00229A60384B89
:1020000001221A61364B01221A76354B002283F8E1
:102010002020334B0022DA62314B334A9A62304B34
:102020000022DA602E4B0522DA612D4B002283F864
:1020300030202B4B01225A61294802F057FB0346FE
:10204000002B01D000F074FB00233B6001237B6078
:102050000023BB603B461946214802F00BFD0346B6
:10206000002B01D000F064FB02233B6002237B6065
:102070003B4619461A4802F0FDFC0346002B01D0EE
:1020800000F056FB03233B6003237B603B4619466D
:10209000134802F0EFFC0346002B01D000F048FB90
:1020A00004233B6004237B603B4619460C4802F046
:1020B000E1FC0346002B01D000F03AFB05233B6016
:1020C00005237B603B461946054802F0D3FC0346D6
:1020D000002B01D000F02CFB00BF1037BD4680BDA7
:1020E000FC010020002001400100000F80B500AF7E
:1020F000174B184A1A60164B4FF482725A60144BF1
:1021000000229A60124B0022DA60114B00221A6101
:102110000F4B00225A610E4B4FF400729A610C4B28
:102120003022DA610A4B00221A62094B00225A62FD
:10213000074B00229A62064B0A22DA62044803F037
:1021400093FE0346002B01D000F0F2FA00BF80BDE1
:10215000440200200038004080B596B000AF07F17F
:10216000480300221A605A609A60DA6007F140035F
:1021700000221A605A6007F1240300221A605A6094
:102180009A60DA601A615A619A613B1D202200212F
:10219000184607F02DFB3E4B3E4A1A603C4B14227A
:1021A0005A603B4B00229A60394BC822DA60384BA8
:1021B00000221A61364B00225A61354B80229A6107
:1021C000334804F023FC0346002B01D000F0B0FAA2
:1021D0004FF48053BB6407F1480319462C4805F0BF
:1021E000B7F80346002B01D000F0A2FA284804F00B
:1021F0005CFC0346002B01D000F09AFA00233B64FC
:1022000000237B6407F140031946214805F06CFC6C
:102210000346002B01D000F08BFA60237B6264231D
:10222000BB620023FB6200233B6300237B6300232C
:10223000BB630023FB6307F12403082219461448FB
:1022400004F0C4FF0346002B01D000F071FA002314
:102250007B600023BB600023FB6000233B61002305
:102260007B614FF40053BB6100233B623B1D194669
:10227000074805F0A7FC0346002B01D000F058FAF0
:10228000034801F055FF00BF5837BD4680BD00BF71
:102290009C0200200000014080B58CB000AF07F127
:1022A0000C0324220021184607F0A2FA3B1D00224D
:1022B0001A605A60214B4FF080421A601F4B002277
:1022C0005A601E4B00229A601C4B4FF6FF72DA6078
:1022D0001A4B00221A61194B80229A610323FB607A
:1022E00000233B6101237B610023BB610023FB6171
:1022F00000233B6201237B620023BB620023FB625D
:1023000007F10C0319460D4804F03CFD0346002B71
:1023100001D000F00DFA00237B600023BB603B1D61
:102320001946064805F0E0FB0346002B01D000F0FB
:10233000FFF900BF3037BD4680BD00BFE40200207A
:1023400080B58EB000AF07F1280300221A605A60F2
:102350009A60DA6007F1200300221A605A603B1D80
:1023600000221A605A609A60DA601A615A619A61B2
:102370003D4B3E4A1A603C4B04225A603A4B0022C5
:102380009A60394B40F24632DA60374B00221A61CC
:10239000354B80229A61344804F038FB0346002B09
:1023A00001D000F0C5F94FF48053BB6207F1280358
:1023B00019462D4804F0CCFF0346002B01D000F055
:1023C000B7F9294804F071FB0346002B01D000F057
:1023D000AFF900233B6200237B6207F1200319461B
:1023E000214805F081FB0346002B01D000F0A0F945
:1023F00060237B600023BB600023FB6000237B61C4
:102400003B1D00221946184804F0E0FE0346002B4D
:1024100001D000F08DF93B1D04221946124804F04A
:10242000D5FE0346002B01D000F082F93B1D0822A7
:1024300019460D4804F0CAFE0346002B01D000F0F7
:1024400077F93B1D0C221946074804F0BFFE0346EE
:10245000002B01D000F06CF9034801F069FE00BFC9
:102460003837BD4680BD00BF2C030020000400406B
:1024700080B58CB000AF07F10C0324220021184670
:1024800007F0B6F93B1D00221A605A60204B214A22
:102490001A601F4B00225A601D4B00229A601C4B91
:1024A0004FF6FF72DA601A4B00221A61184B802235
:1024B0009A610323FB6000233B6101237B610023BE
:1024C000BB610023FB6100233B6201237B6200238D
:1024D000BB620023FB6207F10C0319460C4804F0B1
:1024E00051FC0346002B01D000F022F900237B6051
:1024F0000023BB603B1D1946054805F0F5FA03466D
:10250000002B01D000F014F900BF3037BD4680BD6C
:10251000740300200008004080B500AF114B124A40
:102520001A60104B4FF416525A600E4B00229A60FC
:102530000C4B0022DA600B4B00221A61094B0C2273
:102540005A61084B00229A61064B0022DA61054865
:1025500005F09EFB0346002B01D000F0E9F800BF18
:1025600080BD00BFBC0300200014014080B588B0CE
:1025700000AF07F10C0300221A605A609A60DA601B
:102580001A610023BB604B4B1B6B4A4A43F00403A8
:102590001363484B1B6B03F00403BB60BB68002351
:1025A0007B60444B1B6B434A43F001031363414B75
:1025B0001B6B03F001037B607B6800233B603D4B9A
:1025C0001B6B3C4A43F0020313633A4B1B6B03F053
:1025D00002033B603B6800224FF40051364802F092
:1025E0009FFF002241F23031344802F099FF00226F
:1025F0004FF44071324802F093FF4FF40053FB60F8
:1026000001233B6100237B610023BB6107F10C03C5
:102610001946294802F000FE0223FB604FF488139C
:102620003B6100237B6107F10C031946244802F04B
:10263000F3FD4FF48063FB604FF488133B6100238C
:102640007B6107F10C0319461C4802F0E5FD41F2DD
:102650003033FB6001233B6100237B610023BB61BE
:1026600007F10C031946154802F0D6FD4FF44073EC
:10267000FB6001233B6100237B610023BB6107F109
:102680000C0319460E4802F0C7FD00220521072061
:1026900002F0F9FC072002F012FD0022052128209B
:1026A00002F0F1FC282002F00AFD00BF2037BD46F1
:1026B00080BD00BF00380240000802400004024014
:1026C0000000024080B584B000AF0346FB8001F0FB
:1026D000DDFFF860114B1B68FA68D31AC82B19D9B3
:1026E000FB88022B09D10E4B01221A700D4B0122DF
:1026F0001A700D48FFF70CF909E0FB88B3F5806FFD
:1027000005D1074B02221A700848FFF701F9034A66
:10271000FB68136000BF1037BD4680BD6014002009
:102720004C1400204D140020ECCD000804CE00080D
:1027300080B500AF72B600BF1021064802F009FF55
:102740002021044802F005FF642001F0ABFF00BF28
:10275000F2E700BF0004024080B500AF00F042F88D
:10276000184B00221A60174B00225A60154B0022AA
:102770009A60144B00221A73124B00225A73114BA9
:1027800000221A610E2200210F4807F031F81222B0
:1027900000210E4807F02CF8102200210C4807F009
:1027A00027F80C4B00221A600B4B00221A60FFF72F
:1027B000CFF90A48FFF7ACF80948FFF7A9F800BFBE
:1027C00080BD00BF0414002018140020281400202D
:1027D0003C14002050140020541400201CCE00088B
:1027E0004CCE000880B584B000AF0023FB603EE013
:1027F0000023BB6035E03949FB681A01BB6813440C
:102800001B010B4442F20F721A603449FB681A0133
:10281000BB6813441B010B44043300221A702F4978
:10282000FB681A01BB6813441B010B440C330022E4
:102830001A6000237B600EE02849FB681A01BB6820
:1028400013441B01CA187B681344053300221A7015
:102850007B6801337B607B68032BEDDDBB68013354
:10286000BB60BB680F2BC6DDFB680133FB60FB68F8
:102870000F2BBDDD00233B601FE0184A3B681B02A5
:102880001344073301221A70144A3B681B02134495
:10289000F53301221A70114A3B681B0113440833B7
:1028A00001221A700D4A3B681B01134403F606739C
:1028B00001221A703B6801333B603B680F2BDCDD63
:1028C000064B01221A71054B0122DA600448FFF71A
:1028D0001FF800BF1037BD4680BD00BF04040020B4
:1028E00074CE000880B5ADF5036D00AF0023C7F8C6
:1028F0002C381DE00023C7F8283810E0C849D7F865
:102900002C381A01D7F8283813441B010B4442F223
:102910000F721A60D7F828380133C7F82838D7F86B
:1029200028380F2BEADDD7F82C380133C7F82C38BC
:10293000D7F82C380F2BDDDDBA4B1B7B83F001035E
:10294000DBB2002B2CD0B84B1A68B84B1B68B449CB
:10295000120113441B010B4400221A60B44B1A6885
:10296000B24B1B68AE49120113441B010B440022F9
:102970001A60AD4B1A68AF4B1B68A949120113448A
:102980001B010B4400221A60A94B1A68A94B1B6853
:10299000A349120113441B010B4400221A6002E0F8
:1029A0009F4B00221A600023C7F824380023C7F881
:1029B00020389C4B1B7B83F00103DBB2002B5CD0E7
:1029C000994B196807F50363A3F22C43D7F8202825
:1029D00043F82210D7F820385A1CC7F82028934A09
:1029E000116807F50362A2F62C0242F82310904BFF
:1029F000196807F50363A3F22C43D7F8202843F89E
:102A00002210D7F820385A1CC7F82028874A1168A6
:102A100007F50362A2F62C0242F82310824B1968D4
:102A200007F50363A3F22C43D7F8202843F82210BC
:102A3000D7F820385A1CC7F820287E4A116807F5B5
:102A40000362A2F62C0242F82310794B196807F5AD
:102A50000363A3F22C43D7F8202843F82210D7F8B9
:102A600020385A1CC7F82028724A116807F50362FB
:102A7000A2F62C0242F8231014E007F50363A3F238
:102A80002C43D7F82028002143F82210D7F820380B
:102A90005A1CC7F8202807F50362A2F62C02002171
:102AA00042F823100023C7F81C38A7E007F503639A
:102AB000A3F22C43D7F8242853F82230C7F814384F
:102AC000D7F824385A1CC7F8242807F50362A2F661
:102AD0002C0252F82330C7F810380023C7F81838F2
:102AE00087E0554AD7F8183852F82330D7F8142819
:102AF0001344C7F80C38514AD7F8183852F8233025
:102B0000D7F810281344C7F80838D7F80C38002B2A
:102B10006ADBD7F80C380F2B66DCD7F80838002BA7
:102B200062DBD7F808380F2B5EDC3D49D7F8143844
:102B30001A01D7F8103813441B01CA18D7F81838EF
:102B4000134405331B7883F00103DBB2002B4BD019
:102B50003349D7F814381A01D7F8103813441B0139
:102B60000B441B680133C7F804382D49D7F80C38DB
:102B70001A01D7F8083813441B010B441B68D7F817
:102B800004289A4230DA2649D7F80C381A01D7F8C7
:102B9000083813441B010B44D7F804281A60D7F8EF
:102BA0002038FE2B1CDC07F50363A3F22C43D7F877
:102BB0002028D7F80C1843F82210D7F820385A1CD0
:102BC000C7F8202807F50362A2F62C02D7F80818E8
:102BD00042F82310D7F81C380133C7F81C3803E03B
:102BE0001748FEF795FE09E0D7F818380133C7F803
:102BF0001838D7F81838032B7FF773AFD7F8242885
:102C0000D7F820389A42FFF651AFD7F81C180D4874
:102C1000FEF794FE00BF07F50367BD4680BD00BF09
:102C2000040400200414002030D7000834D7000822
:102C300038D700083CD7000810D7000820D7000874
:102C4000A8CE0008BCCE000880B493B000AF884B7B
:102C50009B687B6442F20F733B6440F2E733FB6393
:102C6000002387F83B30824B9B683B60804B9B681E
:102C700001335A4203F0030302F0030258BF5342E8
:102C80007B607B4B9B6803335A4203F0030302F0E3
:102C9000030258BF5342BB60754B9B6802335A42D4
:102CA00003F0030302F0030258BF5342FB6000230A
:102CB0007B635BE07B6B9B0048333B4453F8483CB1
:102CC000BB616B4B1A686B49BB6951F823301344E5
:102CD0007B61674B5A686849BB6951F823301344DC
:102CE0003B617B69002B3EDB7B690F2B3BDC3B6947
:102CF000002B38DB3B690F2B35DC5D4B1A685C4BD6
:102D00005B685E49120113441B01CA18BB69134476
:102D100005331B7883F00103DBB2002B23D0574926
:102D20007B691A013B6913441B010B440C331B687C
:102D3000002B18D1012387F83B3050497B691A01D9
:102D40003B6913441B010B441B683A6C9A420ADD31
:102D50004A497B691A013B6913441B010B441B68F8
:102D60003B64BB697B647B6B01337B637B6B032BB5
:102D7000A0DD97F83B3083F00103DBB2002B6FD06E
:102D800000233B6369E03B6B9B0048333B4453F8B3
:102D9000483CFB62364B1A683649FB6A51F82330CF
:102DA0001344BB62324B5A683349FB6A51F82330F3
:102DB00013447B62BB6A002B4CDBBB6A0F2B49DCE4
:102DC0007B6A002B46DB7B6A0F2B43DC284B1A689F
:102DD000274B5B682949120113441B01CA18FB6A7F
:102DE000134405331B7883F00103DBB2002B31D091
:102DF0002249BB6A1A017B6A13441B010B441B68FE
:102E00003B621E49BB6A1A017B6A13441B010B44D7
:102E10000C331B68FB613A6A3B6C9A4214DB3A6ADA
:102E20003B6C9A4203D1FA69FB6B9A420CDB3A6A1B
:102E30003B6C9A420ED1FA69FB6B9A420AD10C4B59
:102E40009B68FA6A9A4205D13B6A3B64FB69FB6363
:102E5000FB6A7B643B6B01333B633B6B032B92DD73
:102E60007B6C18464C37BD465DF8047B704700BF4D
:102E70000414002010D7000820D700080404002004
:102E800090B58BB002AF00F0E7FE8A4B9B7A002B27
:102E900041D0894B1968884B5A68874B9B68874893
:102EA00009010A44120102441344053301221A7035
:102EB000814B1A68804B9B68814951F82330134439
:102EC000FB617D4B5A687C4B9B687E4951F82330EF
:102ED0001344BB61FB69002B1DDBFB690F2B1ADC64
:102EE000BB69002B17DBBB690F2B14DC724B9B6893
:102EF00002335A4203F0030302F0030258BF534265
:102F00006E48FA691101BA690A4412010244134475
:102F1000053301221A70674BDB7A002B48D0664BD1
:102F20009B6803335A4203F0030302F0030258BFC5
:102F300053427B61604B1A685F4B5B685F491201CB
:102F400013441B01CA187B691344053301221A700C
:102F5000594B1A685A497B6951F8233013443B6135
:102F6000554B5A6857497B6951F823301344FB602D
:102F70003B69002B1CDB3B690F2B19DCFB68002B2A
:102F800016DBFB680F2B13DC7B6902335A4203F01C
:102F9000030302F0030258BF534248483A69110143
:102FA000FA680A44120102441344053301221A70DC
:102FB000404B1B7B002B48D03F4B9B6801335A4250
:102FC00003F0030302F0030258BF5342BB603A4BC5
:102FD0001A68394B5B683949120113441B01CA183E
:102FE000BB681344053301221A70334B1A68344905
:102FF000BB6851F8233013447B602F4B5A6831492A
:10300000BB6851F8233013443B607B68002B1CDB0A
:103010007B680F2B19DC3B68002B16DB3B680F2B02
:1030200013DCBB6802335A4203F0030302F00302CD
:1030300058BF534221487A6811013A680A44120184
:1030400002441344053301221A701B4B1A681A4BB1
:103050005B681A49120113441B010B44043301221B
:103060001A70154B1A68144B5B6814481101194407
:10307000090101440C31096801311048120113445F
:103080001B0103440C3319600B4B19680A4B5A6837
:10309000084B9B7A1C46074BDB7A1846054B1B7B7B
:1030A0000193009023460848FEF748FC00BF2437F0
:1030B000BD4690BD18140020041400200404002014
:1030C00010D7000820D70008E4CE000880B584B0EF
:1030D00000AF786041E0264B9B687A68D31A0433CE
:1030E0005A4203F0030302F0030258BF5342FB604D
:1030F000FB68012B0ED100F063FC1D4B9B68013374
:103100005A4203F0030302F0030258BF5342184A25
:10311000936022E0FB68032B0ED100F011FC144BEE
:103120009B6803335A4203F0030302F0030258BFC3
:1031300053420F4A936010E0FB68022B0DD100F060
:103140007FFC0B4B9B6802335A4203F0030302F0EF
:10315000030258BF5342064A9360054B9B687A6846
:103160009A42B8D100BF00BF1037BD4680BD00BF36
:103170000414002080B500AF00F06EFD0B4B9B7A6D
:10318000002B04D00A48FEF7C3FB00230CE000F03C
:1031900069FB084B1B690133064A1361064B1B6828
:1031A0000133054A13600123184680BD181400201E
:1031B00010CF0008041400205014002080B400AF89
:1031C0001C4B1B7B83F00103DBB2002B1ED0194B81
:1031D0001A68194B1B689A4205D0164B1A68174B90
:1031E0001B689A420DD1134B5A68154B1B689A42C3
:1031F00005D0104B5A68134B1B689A4201D101232A
:1032000000E0002303F00103DBB20DE0094B1B6873
:10321000002B05D1074B5B68002B01D1012300E097
:10322000002303F00103DBB21846BD465DF8047BC2
:10323000704700BF0414002030D7000838D70008BA
:1032400034D700083CD7000880B58AB000AF814869
:10325000FEF75EFB00237B624FF47A733B61C0E0B4
:103260007D4B1A687C4B5B68796A7C48FEF766FB8D
:10327000FFF706FEFFF736FBFFF7A0FF0346002B24
:1032800032D0754B1B7B83F00103DBB2002B24D0C3
:103290007348FEF73DFB704B01221A73FDF78CFE5D
:1032A00000233B6215E00023FB610CE06D493B6AA3
:1032B0001A01FB6913441B010B440C3300221A60F2
:1032C000FB690133FB61FB690F2BEFDD3B6A0133C7
:1032D0003B623B6A0F2BE6DD06E06348FEF718FB16
:1032E0005D4B01225A7390E0FFF7AEFCF860F9687D
:1032F0005E48FEF723FBF868FFF7E8FEFFF73AFFAA
:103300000346002B0DD0544B1B7B002B04D0012116
:10331000002001F007F95EE00021012001F002F930
:1033200059E05348FEF7F4FA0023FB7600237B6153
:103330003EE07A69FB689A4237D0474B1A684D499C
:103340007B6951F823301344BB60434B5A684A49A8
:103350007B6951F8233013447B60BB68002B24DB6E
:10336000BB680F2B21DC7B68002B1EDB7B680F2BDF
:103370001BDC394B1A68384B5B683A49120113441D
:103380001B01CA187B69134405331B7883F00103C2
:10339000DBB2002B09D07869FFF798FEFFF7EAFE51
:1033A0000346002B01D00123FB767B6901337B614F
:1033B0007B69032B05DCFB7E83F00103DBB2002B72
:1033C000B7D1FB7E83F00103DBB2002B03D02B4887
:1033D000FEF79EFA19E07B6A01337B620A2001F056
:1033E00061F97A6A3B699A420FDA1B4B1B7B83F0C7
:1033F0000103DBB2002B7FF433AF174B5B7B83F011
:103400000103DBB2002B7FF42BAF0021002001F081
:1034100089F8114B1B6919461948FEF78FFA0E4BB4
:103420001B7B002B0BD00C4B5B7B002B07D0154874
:10343000FEF76EFA00F02AF8FDF7D0FD05E012481D
:10344000FEF766FAFDF7F6FD00BF00BF2837BD4660
:1034500080BD00BF34CF00080414002058CF0008FE
:1034600074CF000804040020A0CF0008CCCF0008CF
:10347000ECCF000810D7000820D7000818D00008AB
:1034800034D0000858D0000890D0000880B500AFB4
:103490001048FEF73DFAFDF7E7FDFEF777F8FEF777
:1034A000A7F90D48FEF734FA0C4B1B6842F20E7276
:1034B000934209DC094B1B6819460948FEF73EFA9E
:1034C0000848FEF725FA02E00748FEF721FA00BF98
:1034D00080BD00BFC8D00008F0D000085414002000
:1034E0001CD1000850D1000880D1000880B500AF81
:1034F000104B00221A600F4B00225A600D4B002225
:103500009A600C4B00221A730A4B00225A73094B23
:1035100000221A61084B00221A60084B00221A6030
:10352000FFF760F90648FEF7F3F9FDF729FD00BF44
:1035300080BD00BF0414002050140020541400204B
:10354000B4D1000880B500AF0448FEF7E1F90448A3
:10355000FEF7DEF900F006F800BF80BDE8D10008F4
:1035600010D2000880B586B000AF6448FEF7D0F9ED
:10357000634B1B7B83F00103DBB2002B06D1604B56
:103580005B7B83F00103DBB2002B03D05D48FEF7C9
:10359000BFF9B0E05C48FEF7BBF9594B00221A6056
:1035A000574B00225A60564B00229A60012101209D
:1035B00000F0B8FFFDF700FD5448FEF7A9F901F04F
:1035C00065F8F8600023FB750DE0514B1B78DBB20A
:1035D000022B05D14E4B00221A700123FB750BE024
:1035E000642001F05FF801F051F80246FB68D31A3D
:1035F00042F20F729342E8D9FB7D83F00103DBB204
:10360000002B07D04348FEF783F90021002000F08B
:1036100089FF70E04048FEF77BF900233B613223CD
:10362000BB6021E000F018FBFFF75CF9FFF70CFB33
:1036300078607868FFF74AFDFFF79CFD0346002B92
:103640000BD03B6901333B612D4B1A682C4B5B68F7
:1036500039693248FEF772F903E03148FEF758F94C
:103660001EE0322001F01EF8254B1A682D4B1B6816
:103670009A4205D0224B1A682B4B1B689A420BD1F9
:103680001F4B5A68294B1B689A4209D01C4B5A6839
:10369000274B1B689A4203D03A69BB689A42C1DB48
:1036A0000021002000F03EFF154B1A681D4B1B68DF
:1036B0009A4205D0124B1A681B4B1B689A4215D1CF
:1036C0000F4B5A68194B1B689A4205D00C4B5A682D
:1036D000174B1B689A4209D11648FEF719F9396948
:1036E0001548FEF72BF9FDF779FC04E01348FEF7C7
:1036F0000FF9FDF79FFC1837BD4680BD34D2000896
:103700000414002058D2000894D20008CCD200083B
:103710004C140020FCD2000820D300083CD3000841
:103720005CD3000830D7000838D7000834D7000829
:103730003CD7000878D3000894D30008ACD3000825
:1037400080B483B000AF194B1B685B6AFB80184BD9
:103750001B685B6ABB80174B1B88FA88D31A9BB225
:103760007B80154B1B88BA88D31A9BB23B807B8821
:103770005B429BB27B80B7F90220104B1B6813445D
:103780000E4A1360B7F900200D4B1B6813440C4A16
:103790001360084AFB881380074ABB88138000BF68
:1037A0000C37BD465DF8047B704700BFE402002083
:1037B0007403002000000020020000206414002098
:1037C0006814002080B500AFFFF7BAFF014B1B68FB
:1037D000184680BD6414002080B500AFFFF7B0FF2D
:1037E000014B1B68184680BD6814002080B500AFEF
:1037F0003C21154803F06CFB3C21144803F068FBA6
:10380000114B1B684FF400425A62104B1B684FF477
:1038100000425A62012000F045FF0D4B4FF4004278
:103820001A800C4B4FF400421A800B4B00221A6096
:103830000A4B00221A600A4B00229A60084B0022B1
:10384000DA6000BF80BD00BF74030020E4020020E6
:1038500000000020020000206414002068140020F2
:103860003C14002080B58AB000AFFFF7ABFF786250
:10387000FFF7B2FF38622E4B1A682D4B9B682D491B
:1038800051F823301344FB61294B5A68284B9B683D
:10389000294951F823301344BB61FB69002B08DB35
:1038A000FB690F2B05DCBB69002B02DBBB690F2B0F
:1038B00003DD2248FEF72CF837E04FF4487201216F
:1038C000002000F0DFF84FF448720121012000F0E1
:1038D000D9F84FF47A737B61FFF774FF3861FFF713
:1038E0007BFFF8603A697B6AD31ABB60FA683B6A6F
:1038F000D31A7B60BA687B681344DA0F13445B10F9
:103900003B603A687B699A4203DA012000F0CAFE04
:10391000E2E700BF00F09CF8054AFB691360044A27
:10392000BB695360642000F0BDFE2837BD4680BDF2
:103930000414002010D7000820D70008CCD30008BA
:1039400080B584B000AFFFF747FFF8604FF44872CE
:103950000021002000F096F84FF448720121012068
:1039600000F090F84FF4FA73BB60FFF735FF786012
:103970007A68FB68D31A002BB8BF5B423B603A6899
:10398000BB689A4203DA012000F08CFEEDE700BF2D
:1039900000F05EF8094B9B6803335A4203F00303BF
:1039A00002F0030258BF5342044A9360C82000F05B
:1039B00079FE00BF1037BD4680BD00BF0414002053
:1039C00080B584B000AFFFF7FDFEF8604FF4487299
:1039D0000121002000F056F84FF448720021012028
:1039E00000F050F84FF4FA73BB60FFF7EBFE78601D
:1039F0007A68FB68D31A002BB8BF5B423B603A6819
:103A0000BB689A4203DA012000F04CFEEDE700BFEC
:103A100000F01EF8094B9B6801335A4203F0030380
:103A200002F0030258BF5342044A9360C82000F0DA
:103A300039FE00BF1037BD4680BD00BF0414002012
:103A400080B500AFFFF7BCFFFFF7BAFF00BF80BD36
:103A500080B400AF0A4B1B6800225A63084B1B68F6
:103A600000229A63064B1B680022DA63044B1B6832
:103A700000221A6400BFBD465DF8047B704700BF9A
:103A80002C03002080B584B000AF0346FB710B46C9
:103A9000BB711346BB80FB79002B15D1BB79002B82
:103AA00009D01D4B1B68BA885A63002280211B482D
:103AB00001F036FD2BE0184B1B6800225A63164BB1
:103AC0001B68BA889A6322E0BB79002B14BF0123DC
:103AD0000023DBB283F00103DBB2FB73FB7B03F05B
:103AE0000103FB73FB7B002B09D00B4B1B68BA88CF
:103AF000DA63002202210A4801F012FD07E0064BBA
:103B00001B680022DA63044B1B68BA881A6400BF82
:103B10001037BD4680BD00BF2C03002000000240CE
:103B20000004024080B500AF01224FF480710D48BF
:103B300001F0F6FC01224FF400710A4801F0F0FC9C
:103B400001224FF48071084801F0EAFC01224FF491
:103B50000071054801F0E4FC022000F0A3FD00BF65
:103B600080BD00BF000002400004024080B500AFED
:103B700000224FF480710B4801F0D2FC00224FF478
:103B80000071084801F0CCFC00224FF48071064817
:103B900001F0C6FC00224FF40071034801F0C0FCA4
:103BA00000BF80BD000002400004024080B588B024
:103BB00000AF7860274800F0DDFD0346002B01D000
:103BC000002343E00023FB6118E03221214800F08C
:103BD000B8FE0346002B04D01E4800F07FFE0023F1
:103BE00034E01C4800F038FF0246FB699B0020339C
:103BF0003B4443F8182CFB690133FB61FB69042B40
:103C0000E3DD144800F06AFE7B68052B1DD801A295
:103C100052F823F02D3C00084B3C0008333C0008D0
:103C2000393C00083F3C0008453C0008BB689BB29B
:103C30000CE0FB689BB209E03B699BB206E07B6944
:103C40009BB203E0BB699BB200E00023184620371B
:103C5000BD4680BDFC01002080B584B000AFFFF7F9
:103C600085FF012000F01EFD0220FFF79FFF0346A5
:103C7000FB810320FFF79AFF0346BB810420FFF777
:103C800095FF03467B810520FFF790FF03463B81AC
:103C9000FFF748FF0020FFF789FF03461A464B4B0A
:103CA0001A800220FFF782FF03461A46FB89D31AC7
:103CB0009AB2464B5A800320FFF778FF03461A4614
:103CC000BB89D31A9AB2414B9A800420FFF76EFF4A
:103CD00003461A467B89D31A9AB23C4BDA800520F8
:103CE000FFF764FF03461A463B89D31A9AB2374B53
:103CF0001A81FFF73BFF354B1B89B3F5FA6F04D8E8
:103D0000324B5B88B3F5FA6F01D9012300E0002341
:103D100003F00103DAB22D4B9A722C4BDB8840F290
:103D2000DC5293428CBF01230023DAB2274BDA72B4
:103D3000264B9B8840F2DC5293428CBF0123002328
:103D4000DAB2224B1A73214B1B88642B15D91F4BF7
:103D50001B89B3F57A6F10D21C4B5B88B3F57A6F71
:103D60000BD21A4BDB88B3F57A6F06D2174B9B88C0
:103D7000B3F57A6F01D2012300E00023FB71FB79D8
:103D800003F00103FB71FB7983F00103DBB2002B2D
:103D90000DD00F4B1B780133DAB20D4B1A700C4B60
:103DA0001B78052B0DD90B4B00221A7009E0084B2C
:103DB0001B78002B05D0064B1B78013BDAB2044B75
:103DC0001A7000BF1037BD4680BD00BF1814002018
:103DD0006C1400200400002080B582B000AF0C48B5
:103DE000FDF796FD00237B6007E0FFF735FF3220EB
:103DF00000F058FC7B6801337B607B68092BF4DDA5
:103E00000448FDF785FD00BF0837BD4680BD00BFF3
:103E1000D4D60008F0D6000880B483B000AF0023E9
:103E20007B60104B5B6C0F4A43F4804353640D4B33
:103E30005B6C03F480437B607B6800233B60094B31
:103E40001B6C084A43F080531364064B1B6C03F051
:103E500080533B603B6800BF0C37BD465DF8047B78
:103E6000704700BF0038024080B58AB000AF78606C
:103E700007F1140300221A605A609A60DA601A612E
:103E80007B681B68174A934227D100233B61164B7E
:103E90005B6C154A43F480735364134B5B6C03F4FF
:103EA00080733B613B690023FB600F4B1B6B0E4A29
:103EB00043F0010313630C4B1B6B03F00103FB6026
:103EC000FB683D237B610323BB610023FB6107F19A
:103ED00014031946054801F09FF900BF2837BD4675
:103EE00080BD00BF002001400038024000000240B9
:103EF00080B58AB000AF786007F1140300221A6021
:103F00005A609A60DA601A617B681B68194A9342AA
:103F10002CD100233B61184B1B6C174A43F48043A0
:103F20001364154B1B6C03F480433B613B69002316
:103F3000FB60114B1B6B104A43F0020313630E4BE3
:103F40001B6B03F00203FB60FB684FF460437B6173
:103F50000223BB610023FB6103233B6205237B62D9
:103F600007F114031946054801F056F900BF283738
:103F7000BD4680BD003800400038024000040240C9
:103F800080B584B000AF78607B681B68184A9342A4
:103F900016D10023FB60174B5B6C164A43F00103FC
:103FA0005364144B5B6C03F00103FB60FB6800225D
:103FB0000721192001F067F8192001F080F812E0BC
:103FC0007B681B680C4A93420DD10023BB60094BF0
:103FD0001B6C084A43F002031364064B1B6C03F08E
:103FE0000203BB60BB6800BF1037BD4680BD00BF89
:103FF00000000140003802400004004080B58CB051
:1040000000AF786007F11C0300221A605A609A60C2
:10401000DA601A617B681B68B3F1804F4BD10023D3
:10402000BB613F4B1B6C3E4A43F0010313643C4BA6
:104030001B6C03F00103BB61BB6900237B61384B40
:104040001B6B374A43F001031363354B1B6B03F0C3
:1040500001037B617B6900233B61314B1B6B304A61
:1040600043F0020313632E4B1B6B03F002033B610F
:104070003B694FF40043FB6102233B6200237B62F8
:104080000023BB620123FB6207F11C03194625488C
:1040900001F0C2F80823FB6102233B6200237B622C
:1040A0000023BB620123FB6207F11C0319461E4873
:1040B00001F0B2F830E07B681B681C4A93422BD1B8
:1040C0000023FB60164B1B6C154A43F0040313647A
:1040D000134B1B6C03F00403FB60FB680023BB6005
:1040E0000F4B1B6B0E4A43F0020313630C4B1B6B0D
:1040F00003F00203BB60BB68C023FB6102233B6289
:1041000000237B620023BB620223FB6207F11C03D6
:104110001946054801F080F800BF3037BD4680BD24
:104120000038024000000240000402400008004045
:1041300080B58AB000AF786007F1140300221A60DE
:104140005A609A60DA601A617B681B68334A93424E
:104150001FD100233B61324B1B6B314A43F00103FB
:1041600013632F4B1B6B03F001033B613B694FF45F
:1041700080637B610223BB610023FB6100233B6200
:1041800001237B6207F114031946264801F044F825
:1041900040E07B681B68244A93423BD10023FB60CC
:1041A0001F4B1B6B1E4A43F0010313631C4B1B6B1D
:1041B00003F00103FB60FB680023BB60184B1B6B23
:1041C000174A43F002031363154B1B6B03F0020302
:1041D000BB60BB68C0237B610223BB610023FB6122
:1041E00000233B6202237B6207F1140319460D484A
:1041F00001F012F803237B610223BB610023FB6102
:1042000000233B6202237B6207F11403194607482F
:1042100001F002F800BF2837BD4680BD0000014014
:104220000038024000000240000400400004024048
:1042300080B58AB000AF786007F1140300221A60DD
:104240005A609A60DA601A617B681B681D4A934263
:1042500034D100233B611C4B5B6C1B4A43F02003B1
:104260005364194B5B6C03F020033B613B690023F3
:10427000FB60154B1B6B144A43F001031363124B95
:104280001B6B03F00103FB60FB684FF4C0537B61C1
:104290000223BB610023FB6103233B6208237B6293
:1042A00007F114031946094800F0B6FF0022062161
:1042B000472000F0E8FE472000F001FF00BF28374C
:1042C000BD4680BD0014014000380240000002409D
:1042D00080B400AF00BFFDE780B400AF00BFFDE7D2
:1042E00080B400AF00BFFDE780B400AF00BFFDE7C2
:1042F00080B400AF00BFFDE780B400AF00BFBD4693
:104300005DF8047B704780B400AF00BFBD465DF828
:10431000047B704780B400AF00BFBD465DF8047BEE
:10432000704780B500AF00F09DF900BF80BD80B53B
:1043300000AF022001F028F900BF80BD80B500AFBA
:10434000024802F053FE00BF80BD00BF9C02002067
:1043500080B500AF4FF4806001F016F900BF80BD5A
:1043600080B500AF024803F06FFD00BF80BD00BF05
:10437000BC03002080B400AF01231846BD465DF8A1
:10438000047B704780B582B000AF7860396005F07B
:1043900081FA034616221A604FF0FF331846083799
:1043A000BD4680BD80B582B000AF78604FF0FF3170
:1043B0007868FFF7E7FF00BFFDE780B586B000AF84
:1043C000F860B9607A6000237B610AE0AFF3008097
:1043D0000146BB685A1CBA60CAB21A707B690133C5
:1043E0007B617A697B689A42F0DB7B6818461837F4
:1043F000BD4680BD80B586B000AFF860B9607A6018
:1044000000237B6109E0BB685A1CBA601B78184620
:10441000AFF300807B6901337B617A697B689A42E4
:10442000F1DB7B6818461837BD4680BD80B483B089
:1044300000AF78604FF0FF3318460C37BD465DF88B
:10444000047B704780B483B000AF786039603B680C
:104450004FF400525A60002318460C37BD465DF8F1
:10446000047B704780B483B000AF786001231846A6
:104470000C37BD465DF8047B704780B485B000AF53
:10448000F860B9607A60002318461437BD465DF8BD
:10449000047B704780B586B000AF7860144A154B36
:1044A000D31A7B617B693B61134B1B68002B02D1E4
:1044B000114B124A1A60104B1A687B6813443A6910
:1044C0009A4207D205F0E6F903460C221A604FF033
:1044D000FF3309E0084B1B68FB60074B1A687B68D9
:1044E0001344054A1360FB6818461837BD4680BD63
:1044F000000002200004000070140020C8150020F5
:1045000080B400AF064BD3F88830054A43F47003FB
:10451000C2F8883000BFBD465DF8047B704700BF1D
:1045200000ED00E080B582B000AF03460A46FB71A3
:104530001346BB71FB79002B14BF01230023DBB2B0
:104540001A461021084800F0EBFFBB79002B14BF7E
:1045500001230023DBB21A462021034800F0E0FFCC
:1045600000BF0837BD4680BD00040240DFF834D0EC
:10457000FFF7C6FF0C480D490D4A002302E0D4584E
:10458000C4500433C4188C42F9D30A4A0A4C00239D
:1045900001E013600432A242FBD305F081F9FDF77C
:1045A000A5FB70470000022000000020DC01002075
:1045B000DCDA0008DC010020C4150020FEE7000062
:1045C00080B500AF0E4B1B680D4A43F400731360B7
:1045D0000B4B1B680A4A43F480631360084B1B684B
:1045E000074A43F480731360032000F041FD0F205D
:1045F00000F008F8FFF710FC0023184680BD00BF4C
:10460000003C024080B582B000AF7860124B1A685F
:10461000124B1B7819464FF47A73B3FBF1F3B2FBDC
:10462000F3F3184600F059FD0346002B01D0012397
:104630000EE07B680F2B0AD8002279684FF0FF301C
:1046400000F021FD064A7B681360002300E001238F
:1046500018460837BD4680BD080000201000002025
:104660000C00002080B400AF064B1B781A46064BA6
:104670001B681344044A136000BFBD465DF8047B09
:10468000704700BF100000207414002080B400AFF9
:10469000034B1B681846BD465DF8047B704700BF9E
:1046A0007414002080B584B000AF7860FFF7EEFF8F
:1046B000B8607B68FB60FB68B3F1FF3F05D00A4B35
:1046C0001B781A46FB681344FB6000BFFFF7DEFF50
:1046D0000246BB68D31AFA689A42F7D800BF00BFF7
:1046E0001037BD4680BD00BF1000002080B584B0EB
:1046F00000AF78600023FB737B68002B01D101239E
:1047000033E07B681B6C002B09D17868FFF7ACFBAA
:104710007B6800225A647B68002283F83C207B6817
:104720001B6C03F01003002B18D17B681B6C23F467
:10473000885323F0020343F002027B681A6478680E
:1047400000F0CAFA7B6800225A647B681B6C23F075
:10475000030343F001027B681A6401E00123FB7349
:104760007B68002283F83C20FB7B18461037BD464F
:1047700080BD000080B485B000AF78600023BB60CE
:104780007B6893F83C30012B01D1022397E07B68D2
:10479000012283F83C207B681B689B6803F00103BF
:1047A000012B18D07B681B689A687B681B6842F0F5
:1047B00001029A60454B1B68454AA2FB03239A0CF1
:1047C00013465B001344BB6002E0BB68013BBB6067
:1047D000BB68002BF9D17B681B689B6803F0010361
:1047E000012B5FD17B681B6C23F4E06323F0010392
:1047F00043F480727B681A647B681B685B6803F40F
:104800008063002B07D07B681B6C23F4405343F478
:1048100080527B681A647B681B6C03F48053B3F589
:10482000805F06D17B685B6C23F006027B685A646C
:1048300002E07B6800225A647B68002283F83C20F7
:10484000244BFB607B681B686FF022021A60FB68D8
:104850005B6803F01F03002B0FD17B681B689B680C
:1048600003F04053002B29D17B681B689A687B6852
:104870001B6842F080429A6020E07B681B68164A01
:1048800093421BD17B681B689B6803F04053002B4D
:1048900014D17B681B689A687B681B6842F0804271
:1048A0009A600BE07B681B6C43F010027B681A6413
:1048B0007B685B6C43F001027B685A6400231846F6
:1048C0001437BD465DF8047B704700BF0800002028
:1048D00083DE1B43002301400020014080B483B0ED
:1048E00000AF78607B6893F83C30012B01D1022344
:1048F00021E07B68012283F83C207B681B689A6872
:104900007B681B6822F001029A607B681B689B68C9
:1049100003F00103002B09D17B681B6C23F488533F
:1049200023F0010343F001027B681A647B680022D4
:1049300083F83C20002318460C37BD465DF8047B05
:10494000704780B584B000AF786039600023FB60A9
:104950007B681B689B6803F48063B3F5806F13D199
:104960007B681B689B6803F48073B3F5807F0BD171
:104970007B681B6C43F020027B681A647B68002212
:1049800083F83C20012363E0FFF780FEF86021E01C
:104990003B68B3F1FF3F1DD03B68002B07D0FFF70A
:1049A00075FE0246FB68D31A3A689A4212D27B68B7
:1049B0001B681B6803F00203022B0BD07B681B6C87
:1049C00043F004027B681A647B68002283F83C2071
:1049D00003233DE07B681B681B6803F00203022B86
:1049E000D6D17B681B686FF012021A607B681B6C63
:1049F00043F400727B681A647B681B689B6803F051
:104A00004053002B23D17B681B7E002B1FD17B687A
:104A10001B68DB6A03F47003002B06D07B681B68FD
:104A20009B6803F48063002B11D17B681B6C23F41B
:104A300080727B681A647B681B6C03F48053002BC4
:104A400005D17B681B6C43F001027B681A6400236C
:104A500018461037BD4680BD80B483B000AF786083
:104A60007B681B68DB6C18460C37BD465DF8047B21
:104A70007047000080B485B000AF786039600023D3
:104A8000BB607B6893F83C30012B01D1022313E11A
:104A90007B68012283F83C203B681B68092B25D9E1
:104AA0007B681B68D9683B681B689BB21A46134633
:104AB0005B0013441E3B072202FA03F3DA437B68D0
:104AC0001B680A40DA607B681B68D9683B689A6893
:104AD0003B681B689BB2184603465B0003441E3BC1
:104AE0009A407B681B680A43DA6022E07B681B6897
:104AF00019693B681B689BB21A4613465B00134456
:104B0000072202FA03F3DA437B681B680A401A6142
:104B10007B681B6819693B689A683B681B689BB295
:104B2000184603465B0003449A407B681B680A43AF
:104B30001A613B685B68062B24D87B681B68596B3D
:104B40003B685A6813469B001344053B1F2202FA38
:104B500003F3DA437B681B680A405A637B681B686F
:104B6000596B3B681B689BB218463B685A681346F2
:104B70009B001344053B00FA03F27B681B680A4361
:104B80005A634CE03B685B680C2B24D87B681B683D
:104B9000196B3B685A6813469B001344233B1F2242
:104BA00002FA03F3DA437B681B680A401A637B68E6
:104BB0001B68196B3B681B689BB218463B685A68B8
:104BC00013469B001344233B00FA03F27B681B68E7
:104BD0000A431A6323E07B681B68D96A3B685A68FA
:104BE00013469B001344413B1F2202FA03F3DA43AE
:104BF0007B681B680A40DA627B681B68D96A3B687D
:104C00001B689BB218463B685A6813469B001344C6
:104C1000413B00FA03F27B681B680A43DA62294BC6
:104C2000FB607B681B68284A93420FD13B681B6876
:104C3000122B0BD1FB685B6823F40002FB685A60FF
:104C4000FB685B6843F48002FB685A607B681B6802
:104C50001D4A93422BD13B681B681C4A934203D0E8
:104C60003B681B68112B22D1FB685B6823F4800230
:104C7000FB685A60FB685B6843F40002FB685A609B
:104C80003B681B68114A934211D1114B1B68114AB2
:104C9000A2FB03239A0C13469B0013445B00BB60EA
:104CA00002E0BB68013BBB60BB68002BF9D17B68AD
:104CB000002283F83C20002318461437BD465DF8D7
:104CC000047B7047002301400020014012000010C7
:104CD0000800002083DE1B4380B485B000AF7860FD
:104CE000794BFB60FB685B6823F44032FB685A60D9
:104CF000FB685A687B685B681A43FB685A607B688C
:104D00001B685A687B681B6822F480725A607B6853
:104D10001B6859687B681B691A027B681B680A4319
:104D20005A607B681B685A687B681B6822F0407277
:104D30005A607B681B6859687B689A687B681B6847
:104D40000A435A607B681B689A687B681B6822F478
:104D500000629A607B681B6899687B68DA687B6888
:104D60001B680A439A607B689B6A584A934222D028
:104D70007B681B689A687B681B6822F070629A6087
:104D80007B681B6899687B689A6A7B681B680A4322
:104D90009A607B681B689A687B681B6822F04052A7
:104DA0009A607B681B6899687B68DA6A7B681B6815
:104DB0000A439A600FE07B681B689A687B681B68EF
:104DC00022F070629A607B681B689A687B681B6837
:104DD00022F040529A607B681B689A687B681B6867
:104DE00022F002029A607B681B6899687B681B7ED0
:104DF0005A007B681B680A439A607B6893F82030EE
:104E0000002B1BD07B681B685A687B681B6842F4C8
:104E100000625A607B681B685A687B681B6822F4D2
:104E200060425A607B681B6859687B685B6A013B1B
:104E30005A037B681B680A435A6007E07B681B685B
:104E40005A687B681B6822F400625A607B681B68A2
:104E5000DA6A7B681B6822F47002DA627B681B687E
:104E6000D96A7B68DB69013B1A057B681B680A43CA
:104E7000DA627B681B689A687B681B6822F40072A0
:104E80009A607B681B6899687B6893F830305A0297
:104E90007B681B680A439A607B681B689A687B681A
:104EA0001B6822F480629A607B681B6899687B6843
:104EB0005B699A027B681B680A439A6000BF1437DB
:104EC000BD465DF8047B7047002301400100000FE0
:104ED00080B485B000AF78607B6803F00703FB60A7
:104EE0000C4BDB68BB60BA684FF6FF031340BB6036
:104EF000FB681A02BB68134343F0BF6343F40033FB
:104F0000BB60044ABB68D36000BF1437BD465DF880
:104F1000047B704700ED00E080B400AF044BDB6819
:104F20001B0A03F007031846BD465DF8047B704773
:104F300000ED00E080B483B000AF0346FB7197F949
:104F40000730002B0BDBFB7903F01F02074997F9B1
:104F500007305B09012000FA02F241F8232000BF6C
:104F60000C37BD465DF8047B704700BF00E100E0F0
:104F700080B483B000AF03463960FB7197F9073006
:104F8000002B0ADB3B68DAB20C4997F907301201B3
:104F9000D2B20B4483F800230AE03B68DAB2084936
:104FA000FB7903F00F03043B1201D2B20B441A76D3
:104FB00000BF0C37BD465DF8047B704700E100E0A0
:104FC00000ED00E080B489B000AFF860B9607A60AD
:104FD000FB6803F00703FB61FB69C3F10703042BC4
:104FE00028BF0423BB61FB690433062B02D9FB698C
:104FF000033B00E000237B614FF0FF32BB6902FA04
:1050000003F3DA43BB681A407B699A404FF0FF31E3
:105010007B6901FA03F3D9437B680B4013431846BD
:105020002437BD465DF8047B7047000080B582B030
:1050300000AF78607B68013BB3F1807F01D301232F
:105040000FE00A4A7B68013B53600F214FF0FF30AD
:10505000FFF78EFF054B00229A60044B07221A606F
:10506000002318460837BD4680BD00BF10E000E0B1
:1050700080B582B000AF78607868FFF729FF00BF85
:105080000837BD4680BD80B586B000AF0346B96025
:105090007A60FB7300237B61FFF73EFF78617A68DB
:1050A000B9687869FFF78EFF024697F90F3011460D
:1050B0001846FFF75DFF00BF1837BD4680BD80B5BD
:1050C00082B000AF0346FB7197F907301846FFF72F
:1050D00031FF00BF0837BD4680BD80B582B000AF4C
:1050E00078607868FFF7A2FF034618460837BD4688
:1050F00080BD80B584B000AF78607B689B6DFB603D
:10510000FFF7C4FAB8607B6893F83530DBB2022B46
:1051100008D07B6880225A657B68002283F834209F
:10512000012352E07B681B681A687B681B6822F0C9
:1051300016021A607B681B685A697B681B6822F03C
:1051400080025A617B681B6C002B03D17B689B6CCF
:10515000002B07D07B681B681A687B681B6822F0ED
:1051600008021A607B681B681A687B681B6822F05B
:1051700001021A6013E0FFF789FA0246BB68D31AEE
:10518000052B0CD97B6820225A657B68032283F8A3
:1051900035207B68002283F83420032315E07B68E8
:1051A0001B681B6803F00103002BE4D17B68DB6DF7
:1051B0003F229A40FB689A607B68012283F8352081
:1051C0007B68002283F83420002318461037BD4640
:1051D00080BD80B483B000AF78607B6893F83530D1
:1051E000DBB2022B04D07B6880225A6501230CE0DD
:1051F0007B68052283F835207B681B681A687B680A
:105200001B6822F001021A60002318460C37BD46C5
:105210005DF8047B7047000080B489B000AF78600F
:10522000396000237B6100233B610023BB610023C5
:10523000FB6159E10122FB6902FA03F37B613B68E0
:105240001B687A6913403B613A697B699A4240F076
:1052500048813B685B6803F00303012B05D03B6882
:105260005B6803F00303022B30D17B689B68BB6152
:10527000FB695B00032202FA03F3DB43BA691340C4
:10528000BB613B68DA68FB695B0002FA03F3BA6949
:105290001343BB617B68BA699A607B685B68BB61DA
:1052A0000122FB6902FA03F3DB43BA691340BB61D5
:1052B0003B685B681B0903F00102FB6902FA03F318
:1052C000BA691343BB617B68BA695A603B685B6823
:1052D00003F00303032B17D07B68DB68BB61FB691A
:1052E0005B00032202FA03F3DB43BA691340BB619C
:1052F0003B689A68FB695B0002FA03F3BA691343DF
:10530000BB617B68BA69DA603B685B6803F00303E2
:10531000022B23D1FB69DA087B68083253F822306C
:10532000BB61FB6903F007039B000F2202FA03F342
:10533000DB43BA691340BB613B681A69FB6903F040
:1053400007039B0002FA03F3BA691343BB61FB69CD
:10535000DA087B680832B96943F822107B681B6859
:10536000BB61FB695B00032202FA03F3DB43BA690A
:105370001340BB613B685B6803F00302FB695B00A1
:1053800002FA03F3BA691343BB617B68BA691A6016
:105390003B685B6803F44033002B00F0A2800023DD
:1053A000FB60574B5B6C564A43F480435364544B49
:1053B0005B6C03F48043FB60FB68524AFB699B080B
:1053C000023352F82330BB61FB6903F003039B00F7
:1053D0000F2202FA03F3DB43BA691340BB617B6817
:1053E000494A934219D07B68484A934213D07B685C
:1053F000474A93420DD07B68464A934207D07B6868
:10540000454A934201D1042308E0072306E0032321
:1054100004E0022302E0012300E00023FA6902F025
:10542000030292009340BA691343BB613549FB699B
:105430009B080233BA6941F82320384B9B68BB6153
:105440003B69DB43BA691340BB613B685B6803F4AB
:105450008013002B03D0BA693B691343BB612F4A09
:10546000BB6993602D4BDB68BB613B69DB43BA6969
:105470001340BB613B685B6803F40013002B03D04F
:10548000BA693B691343BB61244ABB69D360234BB0
:105490005B68BB613B69DB43BA691340BB613B6836
:1054A0005B6803F40033002B03D0BA693B691343F4
:1054B000BB611A4ABB695360184B1B68BB613B69EF
:1054C000DB43BA691340BB613B685B6803F480331C
:1054D000002B03D0BA693B691343BB610F4ABB6918
:1054E0001360FB690133FB61FB690F2B7FF6A2AEF2
:1054F00000BF00BF2437BD465DF8047B704700BF86
:105500000038024000380140000002400004024020
:1055100000080240000C024000100240003C014024
:1055200080B483B000AF78600B467B8013467B70FD
:105530007B78002B03D07A887B689A6103E07B88B4
:105540001A047B689A6100BF0C37BD465DF8047B86
:10555000704780B485B000AF78600B467B807B6875
:105560005B69FB607A88FB6813401A04FB68D943C7
:105570007B880B401A437B689A6100BF1437BD4695
:105580005DF8047B7047000080B582B000AF034631
:10559000FB80084B5A69FB881340002B06D0054A54
:1055A000FB885361FB881846FDF78CF800BF08376D
:1055B000BD4680BD003C014080B586B000AF78603C
:1055C0007B68002B01D1012367E27B681B6803F035
:1055D0000103002B75D0884B9B6803F00C03042B50
:1055E0000CD0854B9B6803F00C03082B12D1824B27
:1055F0005B6803F48003B3F5800F0BD17E4B1B680F
:1056000003F40033002B5BD07B685B68002B57D121
:10561000012342E27B685B68B3F5803F06D1764B9D
:105620001B68754A43F4803313601DE07B685B6838
:10563000B3F5A02F0CD1704B1B686F4A43F4802345
:1056400013606D4B1B686C4A43F4803313600BE0AE
:10565000694B1B68684A23F480331360664B1B68F0
:10566000654A23F4802313607B685B68002B13D0AA
:10567000FFF70CF8386108E0FFF708F802463B69CD
:10568000D31A642B01D9032307E25B4B1B6803F495
:105690000033002BF0D014E0FEF7F8FF386108E08B
:1056A000FEF7F4FF02463B69D31A642B01D90323AA
:1056B000F3E1514B1B6803F40033002BF0D100E001
:1056C00000BF7B681B6803F00203002B63D04A4BCA
:1056D0009B6803F00C03002B0BD0474B9B6803F037
:1056E0000C03082B1CD1444B5B6803F48003002B94
:1056F00016D1414B1B6803F00203002B05D07B68D9
:10570000DB68012B01D00123C7E13B4B1B6823F071
:10571000F8027B681B69DB00374913430B603AE0F2
:105720007B68DB68002B20D0344B01221A60FEF727
:10573000ADFF386108E0FEF7A9FF02463B69D31AC6
:10574000022B01D90323A8E12B4B1B6803F00203B2
:10575000002BF0D0284B1B6823F0F8027B681B69F4
:10576000DB00254913430B6015E0244B00221A602F
:10577000FEF78CFF386108E0FEF788FF02463B69C0
:10578000D31A022B01D9032387E11B4B1B6803F0BB
:105790000203002BF0D17B681B6803F00803002B89
:1057A00036D07B685B69002B16D0154B01221A603E
:1057B000FEF76CFF386108E0FEF768FF02463B69C0
:1057C000D31A022B01D9032367E10B4B5B6F03F064
:1057D0000203002BF0D01BE0094B00221A60FEF7F9
:1057E00055FF38610EE0FEF751FF02463B69D31AC0
:1057F000022B07D9032350E1003802400000474242
:10580000800E4742884B5B6F03F00203002BEAD106
:105810007B681B6803F00403002B00F097800023D3
:10582000FB75814B1B6C03F08053002B0FD10023C1
:10583000BB607D4B1B6C7C4A43F0805313647A4BF6
:105840001B6C03F08053BB60BB680123FB75774B77
:105850001B6803F48073002B18D1744B1B68734AC8
:1058600043F480731360FEF711FF386108E0FEF720
:105870000DFF02463B69D31A022B01D903230CE129
:105880006A4B1B6803F48073002BF0D07B689B6825
:10589000012B06D1644B1B6F634A43F0010313676E
:1058A0001CE07B689B68052B0CD15F4B1B6F5E4A2D
:1058B00043F0040313675C4B1B6F5B4A43F0010327
:1058C00013670BE0584B1B6F574A23F00103136714
:1058D000554B1B6F544A23F0040313677B689B6886
:1058E000002B15D0FEF7D2FE38610AE0FEF7CEFE9F
:1058F00002463B69D31A41F28832934201D903230D
:10590000CBE0494B1B6F03F00203002BEED014E0F9
:10591000FEF7BCFE38610AE0FEF7B8FE02463B69BE
:10592000D31A41F28832934201D90323B5E03E4BAA
:105930001B6F03F00203002BEED1FB7D012B05D181
:10594000394B1B6C384A23F0805313647B689B6986
:10595000002B00F0A180344B9B6803F00C03082B54
:105960005CD07B689B69022B41D1314B00221A60CD
:10597000FEF78CFE386108E0FEF788FE02463B69C0
:10598000D31A022B01D9032387E0274B1B6803F0AE
:105990000073002BF0D17B68DA697B681B6A1A43BD
:1059A0007B685B6A9B011A437B689B6A5B08013BCF
:1059B0001B041A437B68DB6A1B061B4913434B60BD
:1059C0001B4B01221A60FEF761FE386108E0FEF70A
:1059D0005DFE02463B69D31A022B01D903235CE02A
:1059E000114B1B6803F00073002BF0D054E0104BF8
:1059F00000221A60FEF74AFE386108E0FEF746FE14
:105A000002463B69D31A022B01D9032345E0064B1A
:105A10001B6803F00073002BF0D13DE07B689B69AD
:105A2000012B07D1012338E000380240007000400C
:105A3000600047421B4B5B68FB607B689B69012BE6
:105A400028D0FB6803F480027B68DB699A4221D18D
:105A5000FB6803F03F027B681B6A9A421AD1FA681E
:105A600047F6C07313407A68526A9201934211D18B
:105A7000FB6803F440327B689B6A5B08013B1B04B4
:105A80009A4207D1FB6803F070627B68DB6A1B06F1
:105A90009A4201D0012300E0002318461837BD4682
:105AA00080BD00BF0038024080B584B000AF786090
:105AB00039607B68002B01D10123CCE0684B1B6867
:105AC00003F007033A689A420CD9654B3A68D2B2A0
:105AD0001A70634B1B6803F007033A689A4201D0BF
:105AE0000123B8E07B681B6803F00203002B20D081
:105AF0007B681B6803F00403002B05D0594B9B689F
:105B0000584A43F4E05393607B681B6803F0080332
:105B1000002B05D0534B9B68524A43F4604393607B
:105B2000504B9B6823F0F0027B689B684D49134300
:105B30008B607B681B6803F00103002B44D07B68FB
:105B40005B68012B07D1474B1B6803F40033002B24
:105B500019D101237FE07B685B68022B03D07B684F
:105B60005B68032B07D13F4B1B6803F00073002BCE
:105B700009D101236FE03B4B1B6803F00203002BAC
:105B800001D1012367E0374B9B6823F003027B6858
:105B90005B68344913438B60FEF778FDF8600AE0D8
:105BA000FEF774FD0246FB68D31A41F28832934235
:105BB00001D903234FE02B4B9B6803F00C027B6859
:105BC0005B689B009A42EBD1254B1B6803F00703EF
:105BD0003A689A420CD2224B3A68D2B21A70204BE1
:105BE0001B6803F007033A689A4201D0012332E0B0
:105BF0007B681B6803F00403002B08D0194B9B68DB
:105C000023F4E0527B68DB68164913438B607B68A2
:105C10001B6803F00803002B09D0124B9B6823F488
:105C200060427B681B69DB000E4913438B6000F008
:105C300021F802460B4B9B681B0903F00F030A492E
:105C4000CB5C22FA03F3094A1360094B1B68184620
:105C5000FEF7D8FC002318461037BD4680BD00BFB4
:105C6000003C02400038024040D7000808000020F5
:105C70000C0000202DE9B04F90B000AF00237B63F3
:105C80000023FB6300233B630023BB63594B9B68EA
:105C900003F00C03082B0DD0082B00F2A180002B81
:105CA00002D0042B03D09BE0534BBB639BE0534BD0
:105CB000BB6398E04F4B5B6803F03F037B634D4B46
:105CC0005B6803F48003002B28D04A4B5B689B0978
:105CD00000223B627A623B6AC3F308000021474B13
:105CE00003FB01F2002300FB03F31344434AA0FB30
:105CF0000212FA620A46BA62FA6A1344FB627B6BCA
:105D00000022BB61FA61D7E90623D7E90A01FAF755
:105D100053FF02460B461346FB6353E0354B5B686B
:105D20009B0900223B617A613B69C3F3080A4FF08B
:105D3000000B52465B464FF000004FF00001590146
:105D400041EAD261500102460B46B2EB0A0863EB0E
:105D50000B094FF000024FF000034FEA891343EAAA
:105D600098634FEA8812B2EB080463EB09054FF021
:105D700000024FF00003EB0043EA5473E2001446C4
:105D80001D4614EB0A033B6045EB0B037B604FF0B1
:105D900000024FF00003D7E9004529468B02214657
:105DA00043EA915321468A02104619467B6B002232
:105DB000BB60FA60D7E90223FAF7FEFE02460B4603
:105DC0001346FB630B4B5B681B0C03F003030133AF
:105DD0005B003B63FA6B3B6BB2FBF3F3BB6302E02C
:105DE000054BBB6300BFBB6B18464037BD46BDE8E3
:105DF000B08F00BF003802400024F40040787D01DD
:105E000080B400AF034B1B681846BD465DF8047BA9
:105E1000704700BF0800002080B500AFFFF7F0FF1B
:105E20000246054B9B689B0A03F007030349CB5CC2
:105E300022FA03F3184680BD0038024050D700080C
:105E400080B500AFFFF7DCFF0246054B9B685B0B9C
:105E500003F007030349CB5C22FA03F3184680BD25
:105E60000038024050D7000880B582B000AF78609B
:105E70007B68002B01D101237BE07B685B6A002BF0
:105E800008D17B685B68B3F5827F09D07B6800220C
:105E9000DA6105E07B6800221A617B6800225A61A2
:105EA0007B6800229A627B6893F85130DBB2002B4A
:105EB00006D17B68002283F850207868FEF718F836
:105EC0007B68022283F851207B681B681A687B6814
:105ED0001B6822F040021A607B685B6803F48272E0
:105EE0007B689B6803F404431A437B68DB6803F414
:105EF00000631A437B681B6903F002031A437B6843
:105F00005B6903F001031A437B689B6903F4007328
:105F10001A437B68DB6903F038031A437B681B6A0A
:105F200003F0800342EA03017B689B6A03F400529A
:105F30007B681B680A431A607B689B691B0C03F033
:105F400004017B685B6A03F010027B681B680A43EC
:105F50005A607B681B68DA697B681B6822F4006200
:105F6000DA617B6800225A657B68012283F8512040
:105F7000002318460837BD4680BD80B588B000AF05
:105F8000F860B9603B601346FB80FEF77FFBF86169
:105F9000FB887B83FB6893F85130DBB2012B01D087
:105FA00002232AE1BB68002B02D0FB88002B01D121
:105FB000012322E1FB6893F85030012B01D1022329
:105FC0001BE1FB68012283F85020FB68032283F861
:105FD0005120FB6800225A65FB68BA681A63FB68A7
:105FE000FA889A86FB68FA88DA86FB6800229A6348
:105FF000FB6800229A87FB680022DA87FB68002290
:106000005A64FB6800221A64FB689B68B3F5004F72
:106010000FD1FB681B681A68FB681B6822F04002FE
:106020001A60FB681B681A68FB681B6842F48042B0
:106030001A60FB681B681B6803F04003402B07D005
:10604000FB681B681A68FB681B6842F040021A6014
:10605000FB68DB68B3F5006F52D1FB685B68002B0F
:1060600002D07B8B012B45D1FB681B6B1A88FB6828
:106070001B68DA60FB681B6B9A1CFB681A63FB6881
:10608000DB8E9BB2013B9AB2FB68DA8632E0FB689A
:106090001B689B6803F00203022B12D1FB681B6B89
:1060A0001A88FB681B68DA60FB681B6B9A1CFB682C
:1060B0001A63FB68DB8E9BB2013B9AB2FB68DA86FF
:1060C00018E0FEF7E3FA0246FB69D31A3A689A42EF
:1060D00003D83B68B3F1FF3F02D13B68002B09D1E5
:1060E000FB68012283F85120FB68002283F85020CE
:1060F000032382E0FB68DB8E9BB2002BC7D153E009
:10610000FB685B68002B02D07B8B012B47D1FB68BF
:106110001A6BFB681B680C3312781A70FB681B6BD8
:106120005A1CFB681A63FB68DB8E9BB2013B9AB278
:10613000FB68DA8633E0FB681B689B6803F00203A8
:10614000022B13D1FB681A6BFB681B680C331278A7
:106150001A70FB681B6B5A1CFB681A63FB68DB8EAA
:106160009BB2013B9AB2FB68DA8618E0FEF78EFA22
:106170000246FB69D31A3A689A4203D83B68B3F1E6
:10618000FF3F02D13B68002B09D1FB68012283F855
:106190005120FB68002283F8502003232DE0FB6888
:1061A000DB8E9BB2002BC6D1FA693968F86800F023
:1061B000D9FB0346002B02D0FB6820225A65FB68FE
:1061C0009B68002B0AD100237B61FB681B68DB689E
:1061D0007B61FB681B689B687B617B69FB680122B4
:1061E00083F85120FB68002283F85020FB685B6D28
:1061F000002B01D0012300E0002318462037BD46C4
:1062000080BD80B588B002AFF860B9603B601346CE
:10621000FB80FB6893F85130DBB2012B01D00223E5
:1062200004E1BB68002B02D0FB88002B01D10123C5
:10623000FCE0FB685B68B3F5827F12D1FB689B686A
:10624000002B0ED1FB68042283F85120FA883B68AA
:1062500000931346BA68B968F86800F0EBF8034693
:10626000E4E0FEF713FA7861FB6893F85030012BF5
:1062700001D10223DAE0FB68012283F85020FB6899
:10628000042283F85120FB6800225A65FB68BA6833
:106290009A63FB68FA889A87FB68FA88DA87FB6852
:1062A00000221A63FB6800229A86FB680022DA86C5
:1062B000FB6800221A64FB6800225A64FB689B6832
:1062C000B3F5004F0FD1FB681B681A68FB681B68A9
:1062D00022F040021A60FB681B681A68FB681B68A2
:1062E00022F480421A60FB681B681B6803F04003BD
:1062F000402B07D0FB681B681A68FB681B6842F0DC
:1063000040021A60FB68DB68002B70D135E0FB6847
:106310001B689B6803F00103012B15D1FB681B6808
:1063200003F10C02FB689B6B1278D2B21A70FB6807
:106330009B6B5A1CFB689A63FB68DB8F9BB2013B2B
:106340009AB2FB68DA8718E0FEF7A0F902467B698B
:10635000D31A3A689A4203D83B68B3F1FF3F02D19F
:106360003B68002B09D1FB68012283F85120FB68B0
:10637000002283F85020032358E0FB68DB8F9BB298
:10638000002BC4D138E0FB681B689B6803F0010355
:10639000012B13D1FB681B68DA68FB689B6B92B218
:1063A0001A80FB689B6B9A1CFB689A63FB68DB8F07
:1063B0009BB2013B9AB2FB68DA8718E0FEF766F9F8
:1063C00002467B69D31A3A689A4203D83B68B3F114
:1063D000FF3F02D13B68002B09D1FB68012283F803
:1063E0005120FB68002283F8502003231EE0FB6845
:1063F000DB8F9BB2002BC6D17A693968F86800F050
:106400004BFA0346002B02D0FB6820225A65FB683A
:10641000012283F85120FB68002283F85020FB689A
:106420005B6D002B01D0012300E0002318461837D4
:10643000BD4680BD80B58AB000AFF860B9607A60B3
:106440007B8001237B62FEF721F93862FB6893F8B9
:106450005130FB77FB685B68BB617B88FB82FB7F0D
:10646000012B0CD0BB69B3F5827F06D1FB689B681A
:10647000002B02D1FB7F042B01D002237FE1BB68FC
:10648000002B05D07B68002B02D07B88002B01D12C
:10649000012374E1FB6893F85030012B01D10223F2
:1064A0006DE1FB68012283F85020FB6893F85130BE
:1064B000DBB2042B03D0FB68052283F85120FB6874
:1064C00000225A65FB687A689A63FB687A88DA87E3
:1064D000FB687A889A87FB68BA681A63FB687A88CF
:1064E000DA86FB687A889A86FB6800221A64FB6861
:1064F00000225A64FB681B681B6803F04003402BB2
:1065000007D0FB681B681A68FB681B6842F04002F2
:106510001A60FB68DB68B3F5006F7ED1FB685B68CF
:10652000002B02D0FB8A012B6CD1FB681B6B1A88F5
:10653000FB681B68DA60FB681B6B9A1CFB681A63BC
:10654000FB68DB8E9BB2013B9AB2FB68DA8659E0AE
:10655000FB681B689B6803F00203022B1BD1FB68DE
:10656000DB8E9BB2002B16D07B6A012B13D1FB680C
:106570001B6B1A88FB681B68DA60FB681B6B9A1C34
:10658000FB681A63FB68DB8E9BB2013B9AB2FB6827
:10659000DA8600237B62FB681B689B6803F00103BB
:1065A000012B19D1FB68DB8F9BB2002B14D0FB6849
:1065B0001B68DA68FB689B6B92B21A80FB689B6B66
:1065C0009A1CFB689A63FB68DB8F9BB2013B9AB213
:1065D000FB68DA8701237B62FEF758F802463B6AC4
:1065E000D31A3A6B9A420DD83B6BB3F1FF3F09D0F7
:1065F000FB68012283F85120FB68002283F85020B9
:106600000323BCE0FB68DB8E9BB2002BA0D1FB68B0
:10661000DB8F9BB2002B9BD182E0FB685B68002B79
:1066200002D0FB8A012B71D1FB681A6BFB681B68D7
:106630000C3312781A70FB681B6B5A1CFB681A63C8
:10664000FB68DB8E9BB2013B9AB2FB68DA865DE0A9
:10665000FB681B689B6803F00203022B1CD1FB68DC
:10666000DB8E9BB2002B17D07B6A012B14D1FB6809
:106670001A6BFB681B680C3312781A70FB681B6B73
:106680005A1CFB681A63FB68DB8E9BB2013B9AB213
:10669000FB68DA8600237B62FB681B689B6803F05B
:1066A0000103012B19D1FB68DB8F9BB2002B14D0A7
:1066B000FB681B68DA68FB689B6BD2B21A70FB68D8
:1066C0009B6B5A1CFB689A63FB68DB8F9BB2013B98
:1066D0009AB2FB68DA8701237B62FDF7D7FF024697
:1066E0003B6AD31A3A6B9A4203D83B6BB3F1FF3F34
:1066F00002D13B6B002B09D1FB68012283F85120AA
:10670000FB68002283F85020032338E0FB68DB8E0F
:106710009BB2002B9CD1FB68DB8F9BB2002B97D1E7
:106720003A6A396BF86800F01DF90346002B08D06F
:10673000FB6820225A65FB68002283F85020012361
:106740001DE0FB689B68002B0AD100233B61FB68BE
:106750001B68DB683B61FB681B689B683B613B69AE
:10676000FB68012283F85120FB68002283F8502047
:10677000FB685B6D002B01D0012300E0002318466D
:106780002837BD4680BD000080B588B000AFF860F6
:10679000B9603B601346FB71FDF778FF0246BB6AA8
:1067A0009B1A3A681344FB61FDF770FFB861394BDF
:1067B0001B685B011B0DFA6902FB03F37B6155E06B
:1067C0003B68B3F1FF3F51D0FDF760FF0246BB6964
:1067D000D31AFA699A4202D9FB69002B3DD1FB68B2
:1067E0001B685A68FB681B6822F0E0025A60FB686D
:1067F0005B68B3F5827F11D1FB689B68B3F5004FEE
:1068000004D0FB689B68B3F5806F07D1FB681B68F9
:106810001A68FB681B6822F040021A60FB689B6ADA
:10682000B3F5005F0FD1FB681B681A68FB681B6833
:1068300022F400521A60FB681B681A68FB681B6828
:1068400042F400521A60FB68012283F85120FB6871
:10685000002283F85020032318E07B69002B02D12B
:106860000023FB6102E07B69013B7B61FB681B68E5
:106870009A68BB681340BA689A420CBF0123002390
:10688000DBB21A46FB799A429AD100231846203788
:10689000BD4680BD0800002080B586B002AFF8601C
:1068A000B9607A60FB685B68B3F5827F11D1FB68E1
:1068B0009B68B3F5004F04D0FB689B68B3F5806F0D
:1068C00007D1FB681B681A68FB681B6822F040024E
:1068D0001A60FB685B68B3F5827F2AD1FB689B680E
:1068E000B3F5806F12D07B680093BB6800228021D3
:1068F000F868FFF749FF0346002B2DD0FB685B6D5E
:1069000043F02002FB685A65032326E07B6800936E
:10691000BB6800220121F868FFF736FF0346002B11
:106920001AD0FB685B6D43F02002FB685A650323B5
:1069300013E07B680093BB6800220121F868FFF731
:1069400023FF0346002B07D0FB685B6D43F020025A
:10695000FB685A65032300E0002318461037BD4644
:1069600080BD000080B588B002AFF860B9607A6081
:106970007B680093BB6801220221F868FFF704FFDF
:106980000346002B07D0FB685B6D43F02002FB68D9
:106990005A65032332E01B4B1B681B4AA2FB0323EF
:1069A0005B0D4FF47A7202FB03F37B61FB685B685B
:1069B000B3F5827F12D17B680093BB6800228021EF
:1069C000F868FFF7E1FE0346002B16D0FB685B6D0D
:1069D00043F02002FB685A6503230FE07B69002B1C
:1069E0000AD07B69013B7B61FB681B689B6803F0F5
:1069F0008003802BF2D000E000BF00231846183738
:106A0000BD4680BD08000020819F5E1680B582B023
:106A100000AF78607B68002B01D1012341E07B68E7
:106A200093F83D30DBB2002B06D17B68002283F85F
:106A30003C207868FDF7A4FA7B68022283F83D20A9
:106A40007B681A687B6804331946104600F07AFDAB
:106A50007B68012283F846207B68012283F83E2070
:106A60007B68012283F83F207B68012283F8402065
:106A70007B68012283F841207B68012283F8422051
:106A80007B68012283F843207B68012283F844203D
:106A90007B68012283F845207B68012283F83D2032
:106AA000002318460837BD4680BD80B582B000AFD0
:106AB00078607B68002B01D1012341E07B6893F86B
:106AC0003D30DBB2002B06D17B68002283F83C20EE
:106AD000786800F039F87B68022283F83D207B68F3
:106AE0001A687B6804331946104600F02BFD7B685A
:106AF000012283F846207B68012283F83E207B68D0
:106B0000012283F83F207B68012283F840207B68C4
:106B1000012283F841207B68012283F842207B68B0
:106B2000012283F843207B68012283F844207B689C
:106B3000012283F845207B68012283F83D20002351
:106B400018460837BD4680BD80B483B000AF78607A
:106B500000BF0C37BD465DF8047B704780B584B03C
:106B600000AF786039603B68002B09D17B6893F8EF
:106B70003E30DBB2012B14BF01230023DBB222E045
:106B80003B68042B09D17B6893F83F30DBB2012BC3
:106B900014BF01230023DBB215E03B68082B09D1A9
:106BA0007B6893F84030DBB2012B14BF0123002334
:106BB000DBB208E07B6893F84130DBB2012B14BFF5
:106BC00001230023DBB2002B01D0012368E03B68E6
:106BD000002B04D17B68022283F83E2013E03B683F
:106BE000042B04D17B68022283F83F200BE03B6832
:106BF000082B04D17B68022283F8402003E07B68E5
:106C0000022283F841207B681B68012239681846FC
:106C100000F044FF7B681B68234A934207D17B68DE
:106C20001B685A6C7B681B6842F400425A647B689C
:106C30001B681D4A934218D07B681B68B3F1804FD4
:106C400013D07B681B68194A93420ED07B681B687F
:106C5000174A934209D07B681B68164A934204D0B6
:106C60007B681B68144A934211D17B681B689B6840
:106C700003F00703FB60FB68062B10D07B681B68E2
:106C80001A687B681B6842F001021A6007E07B68A3
:106C90001B681A687B681B6842F001021A600023B7
:106CA00018461037BD4680BD00000140000400407A
:106CB00000080040000C00400040014080B582B058
:106CC00000AF786039607B681B680022396818461D
:106CD00000F0E4FE7B681B68294A934217D17B6869
:106CE0001B681A6A41F211131340002B0FD17B6805
:106CF0001B681A6A40F244431340002B07D17B689B
:106D00001B685A6C7B681B6822F400425A647B68DB
:106D10001B681A6A41F211131340002B0FD17B68D4
:106D20001B681A6A40F244431340002B07D17B686A
:106D30001B681A687B681B6822F001021A603B68B6
:106D4000002B04D17B68012283F83E2013E03B68CE
:106D5000042B04D17B68012283F83F200BE03B68C1
:106D6000082B04D17B68012283F8402003E07B6874
:106D7000012283F84120002318460837BD4680BD14
:106D80000000014080B586B000AF786039607B6854
:106D9000002B01D1012397E07B6893F83D30DBB2F3
:106DA000002B06D17B68002283F83C207868FDF731
:106DB00025F97B68022283F83D207B681B689B686D
:106DC0007A68126823F4804323F0070393607B689A
:106DD0001A687B6804331946104600F0B3FB7B68E1
:106DE0001B689B687B617B681B689B693B617B6858
:106DF0001B681B6AFB603B681B687A6913437B61F5
:106E00003B6923F4407323F003033B613B689A68BA
:106E10003B689B691B0213433A6913433B613B691F
:106E200023F4406323F00C033B613B6923F470437C
:106E300023F0F0033B613B68DA683B68DB691B02C7
:106E400013433A6913433B613B681B691A013B6872
:106E50001B6A1B0313433A6913433B61FB6823F02E
:106E60002203FB60FB6823F08803FB603B685A68E1
:106E70003B685B691B011343FA681343FB607B6843
:106E80001B687A699A607B681B683A699A617B68BB
:106E90001B68FA681A627B68012283F846207B68C7
:106EA000012283F83E207B68012283F83F207B6823
:106EB000012283F842207B68012283F843207B680B
:106EC000012283F83D20002318461837BD4680BDB7
:106ED00080B584B000AF786039607B6893F83E304D
:106EE000FB737B6893F83F30BB737B6893F8423049
:106EF0007B737B6893F843303B733B68002B10D166
:106F0000FB7B012B02D17B7B012B01D0012369E0AC
:106F10007B68022283F83E207B68022283F84220AD
:106F200031E03B68042B10D1BB7B012B02D13B7BB2
:106F3000012B01D0012355E07B68022283F83F201A
:106F40007B68022283F843201DE0FB7B012B08D1E4
:106F5000BB7B012B05D17B7B012B02D13B7B012B22
:106F600001D001233EE07B68022283F83E207B684B
:106F7000022283F83F207B68022283F842207B684C
:106F8000022283F843203B68002B03D03B68042B8C
:106F900008D00FE07B681B6801220021184600F032
:106FA0007DFD16E07B681B6801220421184600F075
:106FB00075FD0EE07B681B6801220021184600F079
:106FC0006DFD7B681B6801220421184600F066FDF8
:106FD00000BF7B681B681A687B681B6842F001026F
:106FE0001A60002318461037BD4680BD80B584B0B6
:106FF00000AF78607B681B68DB68FB607B681B68A0
:107000001B69BB60BB6803F00203002B20D0FB6848
:1070100003F00203002B1BD07B681B686FF0020299
:107020001A617B6801221A777B681B689B6903F0F1
:107030000303002B03D0786800F065FA05E0786858
:1070400000F057FA786800F068FA7B6800221A7737
:10705000BB6803F00403002B20D0FB6803F004039B
:10706000002B1BD07B681B686FF004021A617B68E1
:1070700002221A777B681B689B6903F44073002B1C
:1070800003D0786800F03FFA05E0786800F031FA44
:10709000786800F042FA7B6800221A77BB6803F038
:1070A0000803002B20D0FB6803F00803002B1BD043
:1070B0007B681B686FF008021A617B6804221A77EC
:1070C0007B681B68DB6903F00303002B03D078683F
:1070D00000F019FA05E0786800F00BFA786800F023
:1070E0001CFA7B6800221A77BB6803F01003002BA0
:1070F00020D0FB6803F01003002B1BD07B681B68BB
:107100006FF010021A617B6808221A777B681B688F
:10711000DB6903F44073002B03D0786800F0F3F9C7
:1071200005E0786800F0E5F9786800F0F6F97B682A
:1071300000221A77BB6803F00103002B0CD0FB6818
:1071400003F00103002B07D07B681B686FF001027E
:107150001A61786800F0C3F9BB6803F08003002B64
:107160000CD0FB6803F08003002B07D07B681B6802
:107170006FF080021A61786800F080FDBB6803F050
:107180004003002B0CD0FB6803F04003002B07D01A
:107190007B681B686FF040021A61786800F0C7F9DD
:1071A000BB6803F02003002B0CD0FB6803F0200326
:1071B000002B07D07B681B686FF020021A6178688B
:1071C00000F052FD00BF1037BD4680BD80B586B0CF
:1071D00000AFF860B9607A600023FB75FB6893F834
:1071E0003C30012B01D10223AEE0FB68012283F881
:1071F0003C207B680C2B00F29F8001A252F823F008
:1072000035720008397300083973000839730008B3
:107210007572000839730008397300083973000863
:10722000B772000839730008397300083973000811
:10723000F7720008FB681B68B968184600F008FA86
:10724000FB681B689A69FB681B6842F008029A6138
:10725000FB681B689A69FB681B6822F004029A614C
:10726000FB681B689969BB681A69FB681B680A435D
:107270009A6164E0FB681B68B968184600F04EFA32
:10728000FB681B689A69FB681B6842F400629A619C
:10729000FB681B689A69FB681B6822F480629A612C
:1072A000FB681B689969BB681B691A02FB681B684D
:1072B0000A439A6143E0FB681B68B968184600F00E
:1072C00099FAFB681B68DA69FB681B6842F00802E0
:1072D000DA61FB681B68DA69FB681B6822F004024C
:1072E000DA61FB681B68D969BB681A69FB681B68AF
:1072F0000A43DA6123E0FB681B68B968184600F0AE
:10730000E3FAFB681B68DA69FB681B6842F40062F9
:10731000DA61FB681B68DA69FB681B6822F480622B
:10732000DA61FB681B68D969BB681B691A02FB68D4
:107330001B680A43DA6102E00123FB7500BFFB68AA
:10734000002283F83C20FB7D18461837BD4680BDDF
:1073500080B584B000AF786039600023FB737B6830
:1073600093F83C30012B01D10223B4E07B68012269
:1073700083F83C207B68022283F83D207B681B68F1
:107380009B68BB60BB6823F07703BB60BB6823F4DA
:107390007F43BB607B681B68BA689A603B681B6868
:1073A000B3F5005F3ED0B3F5005F00F28780B3F520
:1073B000805F00F08680B3F5805F7FD8702B1AD095
:1073C000702B7BD8602B50D0602B77D8502B3CD0C3
:1073D000502B73D8402B58D0402B6FD8302B64D013
:1073E000302B6BD8202B60D0202B67D8002B5CD0A3
:1073F000102B5AD062E07B6818683B6899683B683C
:107400005A683B68DB6800F029FB7B681B689B6857
:10741000BB60BB6843F07703BB607B681B68BA68DE
:107420009A604FE07B6818683B6899683B685A68C7
:107430003B68DB6800F012FB7B681B689A687B681E
:107440001B6842F480429A603CE07B6818683B68A5
:1074500059683B68DB681A4600F086FA7B681B684F
:107460005021184600F0DFFA2CE07B6818683B6872
:1074700059683B68DB681A4600F0A5FA7B681B6810
:107480006021184600F0CFFA1CE07B6818683B6862
:1074900059683B68DB681A4600F066FA7B681B682F
:1074A0004021184600F0BFFA0CE07B681A683B6880
:1074B0001B681946104600F0B6FA03E00123FB737F
:1074C00000E000BF7B68012283F83D207B6800223A
:1074D00083F83C20FB7B18461037BD4680BD80B446
:1074E00083B000AF786000BF0C37BD465DF8047B09
:1074F000704780B483B000AF786000BF0C37BD46E2
:107500005DF8047B704780B483B000AF786000BF43
:107510000C37BD465DF8047B704780B483B000AF84
:10752000786000BF0C37BD465DF8047B704780B4BF
:1075300083B000AF786000BF0C37BD465DF8047BB8
:107540007047000080B485B000AF786039607B6818
:107550001B68FB607B68374A93420FD07B68B3F1AE
:10756000804F0BD07B68344A934207D07B68334A04
:10757000934203D07B68324A934208D1FB6823F0E0
:107580007003FB603B685B68FA681343FB607B68D1
:10759000284A93421BD07B68B3F1804F17D07B6899
:1075A000254A934213D07B68244A93420FD07B68CC
:1075B000234A93420BD07B68224A934207D07B68D0
:1075C000214A934203D07B68204A934208D1FB684A
:1075D00023F44073FB603B68DB68FA681343FB608D
:1075E000FB6823F080023B685B691343FB603B68E8
:1075F0009A687B68DA623B681A687B689A627B6883
:107600000C4A934203D13B681A697B681A637B6812
:107610001B6843F004027B681A607B6801225A6190
:107620007B68FA681A6000BF1437BD465DF8047BBA
:10763000704700BF00000140000400400008004007
:10764000000C00400040014000440140004801405F
:1076500080B487B000AF786039607B681B6A7B615B
:107660007B681B6A23F001027B681A627B685B6897
:107670003B617B689B69FB60FB6823F07003FB60E8
:10768000FB6823F00303FB603B681B68FA68134345
:10769000FB607B6923F002037B613B689B687A692E
:1076A00013437B617B681C4A93420CD17B6923F0B6
:1076B00008037B613B68DB687A6913437B617B6904
:1076C00023F004037B617B68134A934211D13B6929
:1076D00023F480733B613B6923F400733B613B6897
:1076E0005B693A6913433B613B689B693A691343A1
:1076F0003B617B683A695A607B68FA689A613B68CB
:107700005A687B685A637B687A691A6200BF1C37C3
:10771000BD465DF8047B70470000014080B487B02F
:1077200000AF786039607B681B6A7B617B681B6A8D
:1077300023F010027B681A627B685B683B617B68A0
:107740009B69FB60FB6823F4E043FB60FB6823F468
:107750004073FB603B681B681B02FA681343FB60C5
:107760007B6923F020037B613B689B681B017A697E
:1077700013437B617B681E4A93420DD17B6923F0E2
:1077800080037B613B68DB681B017A6913437B6183
:107790007B6923F040037B617B68154A934213D1D8
:1077A0003B6923F480633B613B6923F400633B61E5
:1077B0003B685B699B003A6913433B613B689B698B
:1077C0009B003A6913433B617B683A695A607B6866
:1077D000FA689A613B685A687B689A637B687A6941
:1077E0001A6200BF1C37BD465DF8047B704700BFBE
:1077F0000000014080B487B000AF786039607B68DA
:107800001B6A7B617B681B6A23F480727B681A6247
:107810007B685B683B617B68DB69FB60FB6823F02E
:107820007003FB60FB6823F00303FB603B681B688D
:10783000FA681343FB607B6923F400737B613B6848
:107840009B681B027A6913437B617B681D4A9342E4
:107850000DD17B6923F400637B613B68DB681B020D
:107860007A6913437B617B6923F480637B617B6866
:10787000144A934213D13B6923F480533B613B6923
:1078800023F400533B613B685B691B013A69134376
:107890003B613B689B691B013A6913433B617B6811
:1078A0003A695A607B68FA68DA613B685A687B68B3
:1078B000DA637B687A691A6200BF1C37BD465DF8DF
:1078C000047B70470000014080B487B000AF78604F
:1078D00039607B681B6A3B617B681B6A23F48052BA
:1078E0007B681A627B685B687B617B68DB69FB6035
:1078F000FB6823F4E043FB60FB6823F44073FB6008
:107900003B681B681B02FA681343FB603B6923F466
:1079100000533B613B689B681B033A6913433B611F
:107920007B68104A934209D17B6923F480437B61D1
:107930003B685B699B017A6913437B617B687A6969
:107940005A607B68FA68DA613B685A687B681A6437
:107950007B683A691A6200BF1C37BD465DF8047B3C
:10796000704700BF0000014080B487B000AFF860EE
:10797000B9607A60FB681B6A7B61FB681B6A23F055
:107980000102FB681A62FB689B693B613B6923F05B
:10799000F0033B617B681B013A6913433B617B69E0
:1079A00023F00A037B617A69BB6813437B61FB6840
:1079B0003A699A61FB687A691A6200BF1C37BD4652
:1079C0005DF8047B704780B487B000AFF860B960A1
:1079D0007A60FB681B6A7B61FB681B6A23F01002FC
:1079E000FB681A62FB689B693B613B6923F4704347
:1079F0003B617B681B033A6913433B617B6923F05E
:107A0000A0037B61BB681B017A6913437B61FB6840
:107A10003A699A61FB687A691A6200BF1C37BD46F1
:107A20005DF8047B704780B485B000AF7860396042
:107A30007B689B68FB60FB6823F07003FB603A681F
:107A4000FB68134343F00703FB607B68FA689A60A6
:107A500000BF1437BD465DF8047B704780B487B023
:107A600000AFF860B9607A603B60FB689B687B613F
:107A70007B6923F47F437B613B681A027B681A436E
:107A8000BB6813437A6913437B61FB687A699A6028
:107A900000BF1C37BD465DF8047B704780B487B0DB
:107AA00000AFF860B9607A60BB6803F01F03012281
:107AB00002FA03F37B61FB681A6A7B69DB431A40B5
:107AC000FB681A62FB681A6ABB6803F01F037968D7
:107AD00001FA03F31A43FB681A6200BF1C37BD4664
:107AE0005DF8047B7047000080B485B000AF78601B
:107AF00039607B6893F83C30012B01D1022350E0C0
:107B00007B68012283F83C207B68022283F83D20B9
:107B10007B681B685B68FB607B681B689B68BB605D
:107B2000FB6823F07003FB603B681B68FA68134333
:107B3000FB607B681B68FA685A607B681B681C4A9C
:107B4000934218D07B681B68B3F1804F13D07B68D9
:107B50001B68184A93420ED07B681B68164A9342F2
:107B600009D07B681B68154A934204D07B681B6868
:107B7000134A93420CD1BB6823F08003BB603B687F
:107B80005B68BA681343BB607B681B68BA689A601D
:107B90007B68012283F83D207B68002283F83C202B
:107BA000002318461437BD465DF8047B704700BFBC
:107BB000000001400004004000080040000C0040AC
:107BC0000040014080B485B000AF78603960002388
:107BD000FB607B6893F83C30012B01D102233DE030
:107BE0007B68012283F83C20FB6823F0FF023B689E
:107BF000DB681343FB60FB6823F440723B689B68BF
:107C00001343FB60FB6823F480623B685B681343AB
:107C1000FB60FB6823F400623B681B681343FB6056
:107C2000FB6823F480523B681B691343FB60FB68CD
:107C300023F400523B685B691343FB60FB6823F449
:107C400080423B68DB691343FB607B681B68FA6812
:107C50005A647B68002283F83C20002318461437BE
:107C6000BD465DF8047B704780B483B000AF786098
:107C700000BF0C37BD465DF8047B704780B483B00D
:107C800000AF786000BF0C37BD465DF8047B7047DD
:107C900080B582B000AF78607B68002B01D10123F2
:107CA00042E07B6893F84130DBB2002B06D17B6861
:107CB000002283F840207868FCF7BAFA7B68242217
:107CC00083F841207B681B68DA687B681B6822F4B4
:107CD0000052DA60786800F07FFD7B681B681A69E3
:107CE0007B681B6822F490421A617B681B685A69A2
:107CF0007B681B6822F02A025A617B681B68DA687D
:107D00007B681B6842F40052DA607B6800225A6488
:107D10007B68202283F841207B68202283F8422060
:107D20007B6800225A63002318460837BD4680BD91
:107D300080B58AB002AFF860B9603B601346FB8043
:107D400000237B61FB6893F84130DBB2202B75D1B7
:107D5000BB68002B02D0FB88002B01D101236EE011
:107D6000FB6800225A64FB68212283F84120FCF75B
:107D70008DFC7861FB68FA889A84FB68FA88DA845B
:107D8000FB689B68B3F5805F08D1FB681B69002B1B
:107D900004D10023FB61BB68BB6103E0BB68FB61EE
:107DA0000023BB612EE03B6800937B6900228021A9
:107DB000F86800F01DFB0346002B05D0FB6820226D
:107DC00083F8412003233AE0FB69002B0BD1BB6908
:107DD0001B881A46FB681B68C2F308025A60BB691D
:107DE0000233BB6107E0FB691A78FB681B685A60C5
:107DF000FB690133FB61FB68DB8C9BB2013B9AB2F0
:107E0000FB68DA84FB68DB8C9BB2002BCBD13B6830
:107E100000937B6900224021F86800F0E9FA0346EC
:107E2000002B05D0FB68202283F84120032306E0C5
:107E3000FB68202283F84120002300E0022318463B
:107E40002037BD4680BD000080B5BAB000AF786075
:107E50007B681B681B68C7F8E4307B681B68DB68BD
:107E6000C7F8E0307B681B685B69C7F8DC3000232B
:107E7000C7F8D8300023C7F8D430D7F8E43003F07F
:107E80000F03C7F8D830D7F8D830002B0FD1D7F868
:107E9000E43003F02003002B09D0D7F8E03003F0E2
:107EA0002003002B03D0786800F0D7FB73E2D7F8EB
:107EB000D830002B00F0DE80D7F8DC3003F001036F
:107EC000002B06D1D7F8E03003F49073002B00F0BC
:107ED000D180D7F8E43003F00103002B0BD0D7F8A2
:107EE000E03003F48073002B05D07B685B6C43F0BB
:107EF00001027B685A64D7F8E43003F00403002BD6
:107F00000BD0D7F8DC3003F00103002B05D07B68E1
:107F10005B6C43F002027B685A64D7F8E43003F0EC
:107F20000203002B0BD0D7F8DC3003F00103002B49
:107F300005D07B685B6C43F004027B685A64D7F819
:107F4000E43003F00803002B11D0D7F8E03003F041
:107F50002003002B05D1D7F8DC3003F00103002B00
:107F600005D07B685B6C43F008027B685A647B68D1
:107F70005B6C002B00F00A82D7F8E43003F020039A
:107F8000002B08D0D7F8E03003F02003002B02D0FC
:107F9000786800F062FB7B681B685B6903F0400354
:107FA000402B0CBF01230023DBB2C7F8D4307B6821
:107FB0005B6C03F00803002B03D1D7F8D430002BFF
:107FC0004FD0786800F06DFA7B681B685B6903F03E
:107FD0004003402B41D17B681B681433C7F89C30A9
:107FE000D7F89C3053E8003FC7F89830D7F898305E
:107FF00023F04003C7F8D0307B681B681433D7F8F0
:10800000D020C7F8A820C7F8A430D7F8A410D7F814
:10801000A82041E80023C7F8A030D7F8A030002BF3
:10802000D9D17B68DB6B002B13D07B68DB6B8A4A72
:108030001A657B68DB6B1846FDF7CBF80346002B0F
:1080400016D07B68DB6B1B6D7A68D26B1046984745
:108050000EE0786800F0B6F90AE0786800F0B2F94E
:1080600006E0786800F0AEF97B6800225A648DE182
:1080700000BF8BE17B681B6B012B40F06781D7F859
:10808000E43003F01003002B00F06081D7F8E030FB
:1080900003F01003002B00F059810023BB607B68C4
:1080A0001B681B68BB607B681B685B68BB60BB6848
:1080B0007B681B685B6903F04003402B40F0CE8077
:1080C0007B68DB6B1B685B68A7F8BE30B7F8BE3017
:1080D000002B00F0A9807B689B8DB7F8BE209A42E8
:1080E00080F0A2807B68B7F8BE20DA857B68DB6B06
:1080F000DB69B3F5807F00F088807B681B680C33F8
:10810000C7F88830D7F8883053E8003FC7F8843084
:10811000D7F8843023F48073C7F8B8307B681B68C5
:108120000C33D7F8B820C7F89420C7F89030D7F8A8
:108130009010D7F8942041E80023C7F88C30D7F886
:108140008C30002BD9D17B681B6814337B677B6F25
:1081500053E8003F3B673B6F23F00103C7F8B4309F
:108160007B681B681433D7F8B420C7F88020FB67FE
:10817000F96FD7F8802041E80023BB67BB6F002B65
:10818000E1D17B681B6814333B663B6E53E8003FCC
:10819000FB65FB6D23F04003C7F8B0307B681B68BC
:1081A0001433D7F8B020FA66BB66B96EFA6E41E8B0
:1081B00000237B667B6E002BE3D17B68202283F853
:1081C00042207B6800221A637B681B680C33FB64C7
:1081D000FB6C53E8003FBB64BB6C23F01003C7F893
:1081E000AC307B681B680C33D7F8AC20BA657B6574
:1081F000796DBA6D41E800233B653B6D002BE3D1FF
:108200007B68DB6B1846FCF774FF7B6802225A63BD
:108210007B689A8D7B68DB8D9BB2D31A9BB2194623
:10822000786800F0D9F8B3E07B689B8DB7F8BE2082
:108230009A4240F0AD807B68DB6BDB69B3F5807FF1
:1082400040F0A6807B6802225A637B689B8D1946AA
:10825000786800F0C1F89BE0698500087B689A8D1A
:108260007B68DB8D9BB2D31AA7F8CE307B68DB8DA1
:108270009BB2002B00F08E80B7F8CE30002B00F0C0
:1082800089807B681B680C33BB63BB6B53E8003F82
:108290007B637B6B23F49073C7F8C8307B681B68E3
:1082A0000C33D7F8C8207A643B64396C7A6C41E8A7
:1082B0000023FB63FB6B002BE3D17B681B6814334B
:1082C0007B627B6A53E8003F3B623B6A23F0010319
:1082D000C7F8C4307B681B681433D7F8C4203A63EE
:1082E000FB62F96A3A6B41E80023BB62BB6A002B70
:1082F000E3D17B68202283F842207B6800221A6346
:108300007B681B680C333B613B6953E8003FFB60B3
:10831000FB6823F01003C7F8C0307B681B680C3380
:10832000D7F8C020FA61BB61B969FA6941E8002356
:108330007B617B69002BE3D17B6802225A63B7F82B
:10834000CE301946786800F047F823E0D7F8E430DB
:1083500003F08003002B09D0D7F8E03003F080034E
:10836000002B03D0786800F010F914E0D7F8E4305F
:1083700003F04003002B0ED0D7F8E03003F04003A9
:10838000002B08D0786800F050F904E000BF02E04C
:1083900000BF00E000BFE837BD4680BD80B483B0B9
:1083A00000AF786000BF0C37BD465DF8047B7047B6
:1083B00080B483B000AF786000BF0C37BD465DF875
:1083C000047B704780B483B000AF786000BF0C3787
:1083D000BD465DF8047B704780B483B000AF786021
:1083E0000B467B8000BF0C37BD465DF8047B7047B1
:1083F00080B586B000AFF860B9603B601346FB7192
:108400003BE03B6AB3F1FF3F37D0FCF73FF9024650
:108410003B68D31A3A6A9A4202D33B6A002B01D1D5
:1084200003233AE0FB681B68DB6803F00403002BBE
:1084300023D0BB68802B20D0BB68402B1DD0FB68AD
:108440001B681B6803F00803082B16D100237B610F
:10845000FB681B681B687B61FB681B685B687B6152
:108460007B69F86800F01DF8FB6808225A64FB6815
:10847000002283F8402001230FE0FB681B681A6884
:10848000BB681340BA689A420CBF01230023DBB2D9
:108490001A46FB799A42B4D0002318461837BD46D5
:1084A00080BD80B495B000AF78607B681B680C33EA
:1084B0007B637B6B53E8003F3B633B6B23F4907320
:1084C000FB647B681B680C33FA6C3A64FB63F96BE2
:1084D0003A6C41E80023BB63BB6B002BE5D17B68A2
:1084E0001B6814333B623B6A53E8003FFB61FB6946
:1084F00023F00103BB647B681B681433BA6CFA6217
:10850000BB62B96AFA6A41E800237B627B6A002B8E
:10851000E5D17B681B6B012B19D17B681B680C3381
:10852000FB60FB6853E8003FBB60BB6823F01003AF
:108530007B647B681B680C337A6CBA617B617969F8
:10854000BA6941E800233B613B69002BE5D17B68B8
:10855000202283F842207B6800221A6300BF543730
:10856000BD465DF8047B704780B584B000AF78608D
:108570007B689B6BFB60FB680022DA85F868FFF77D
:1085800021FF00BF1037BD4680BD80B485B000AF6D
:1085900078607B6893F84130DBB2212B3ED17B6859
:1085A0009B68B3F5805F14D17B681B69002B10D1E9
:1085B0007B681B6AFB60FB681B881A467B681B682C
:1085C000C2F308025A607B681B6A9A1C7B681A62B5
:1085D00008E07B681B6A591C7A6811621A787B680C
:1085E0001B685A607B68DB8C9BB2013B9BB27A684C
:1085F0001946D184002B0FD17B681B68DA687B6831
:108600001B6822F08002DA607B681B68DA687B688E
:108610001B6842F04002DA60002300E002231846A3
:108620001437BD465DF8047B704780B582B000AF5B
:1086300078607B681B68DA687B681B6822F0400200
:10864000DA607B68202283F841207868FFF7A6FE75
:10865000002318460837BD4680BD80B58CB000AFFA
:1086600078600023FB620023BB627B6893F8423092
:10867000DBB2222B40F0AA807B689B68B3F5805F59
:1086800015D17B681B69002B11D17B689B6ABB628B
:108690007B681B685B689BB2C3F308039AB2BB6A32
:1086A0001A807B689B6A9A1C7B689A6224E07B68CC
:1086B0009B6AFB627B689B68B3F5805F07D07B6831
:1086C0009B68002B0AD17B681B69002B06D17B6855
:1086D0001B685B68DAB2FB6A1A7008E07B681B688B
:1086E0005B68DBB203F07F03DAB2FB6A1A707B6867
:1086F0009B6A5A1C7B689A627B68DB8D9BB2013B4C
:108700009BB27A681946D185002B5DD17B681B68C6
:10871000DA687B681B6822F02002DA607B681B68DD
:10872000DA687B681B6822F48072DA607B681B68F9
:108730005A697B681B6822F001025A617B6820221B
:1087400083F842207B6800225A637B681B6B012BF5
:1087500035D17B6800221A637B681B680C337B6110
:108760007B6953E8003F3B613B6923F010037B6268
:108770007B681B680C337A6A3A62FB61F9693A6A72
:1087800041E80023BB61BB69002BE5D17B681B6816
:108790001B6803F01003102B0AD10023FB607B68D9
:1087A0001B681B68FB607B681B685B68FB60FB6881
:1087B0007B689B8D19467868FFF70EFE02E07868AB
:1087C000FFF7F6FD002302E0002300E00223184635
:1087D0003037BD4680BD00002DE9B04FC0B000AFBE
:1087E000C7F8F400D7F8F4301B681B6923F4405035
:1087F000D7F8F430D968D7F8F4301A6840EA0103A2
:108800001361D7F8F4309A68D7F8F4301B691A432B
:10881000D7F8F4305B691A43D7F8F430DB691343B7
:10882000C7F8F830D7F8F4301B68DB6823F416413A
:1088300021F00C01D7F8F4301A68D7F8F8300B4360
:10884000D360D7F8F4301B685B6923F44070D7F825
:10885000F4309969D7F8F4301A6840EA010353619B
:10886000D7F8F4301A688F4B9A4205D0D7F8F43015
:108870001A688D4B9A4204D1FDF7E2FAC7F8FC0062
:1088800003E0FDF7C9FAC7F8FC00D7F8F430DB695C
:10889000B3F5004F40F00C81D7F8FC300022C7F848
:1088A000E830C7F8EC20D7E93A4522462B46911824
:1088B000B9655B41FB65D7E91623214612EB010838
:1088C000294643EB01094FF000024FF000034FEA45
:1088D000C90343EA58734FEAC802904699462346B3
:1088E00018EB0303C7F8E0302B4649EB0303C7F846
:1088F000E430D7F8F4305B680022C7F8D830C7F806
:10890000DC20D7E936120B46DB183B65134642EBF9
:1089100003037B65D7E91423D7E93801F8F74CF94D
:1089200002460B46614BA3FB02235B091C01D7F8EF
:10893000FC300022C7F8D030C7F8D420D7E93489FA
:1089400042464B469118B9645B41FB64D7E9122358
:10895000414612EB010A494643EB010B4FF000027E
:108960004FF000034FEACB0343EA5A734FEACA02BF
:1089700092469B4643461AEB0303C7F8C8304B4662
:108980004BEB0303C7F8CC30D7F8F4305B68002218
:10899000C7F8C030C7F8C420D7E930120B46DB183F
:1089A0003B64134642EB03037B64D7E91023D7E90A
:1089B0003201F8F701F902460B4611463B4BA3FB87
:1089C00001235B09642202FB03F3CB1ADB0003F1F2
:1089D0003202364BA3FB02235B095B0003F4F873FE
:1089E0001C44D7F8FC300022C7F8B830C7F8BC20C8
:1089F000D7E92E8942464B469118B9635B41FB6328
:108A0000D7E90E2341465118396349464B417B63F0
:108A10004FF000024FF00003D7E90CAB5946CB00F2
:108A2000514643EA51735146CA001046194603465F
:108A300042469B18C7F8B0304B460A4642EB030348
:108A4000C7F8B430D7F8F4305B680022C7F8A83014
:108A5000C7F8AC20D7E92A120B46DB18BB621346D5
:108A600042EB0303FB62D7E90A23D7E92C01F8F7AD
:108A7000A3F802460B460D4BA3FB02135B096421CE
:108A800001FB03F3D31ADB003233084AA2FB0323B2
:108A90005B0903F00702D7F8F4301B6822449A60A0
:108AA00006E100BF00100140001401401F85EB519A
:108AB000D7F8FC300022C7F8A030C7F8A420D7E9C7
:108AC000288942464B46911839625B417B62D7E95F
:108AD000082341465418494643EB01054FF0000274
:108AE0004FF00003EB0043EA5473E20014461D46C6
:108AF0004346E318C7F898304B4645EB0303C7F8E5
:108B00009C30D7F8F4305B680022C7F89030C7F883
:108B100094204FF000024FF00003D7E92445294686
:108B20008B00214643EA917321468A00D7E926014A
:108B3000F8F742F802460B46604BA3FB02235B09A1
:108B40001C01D7F8FC300022C7F88830C7F88C2009
:108B5000D7E9228942464B469118B9615B41FB61D6
:108B6000D7E9062341465118396149464B417B619B
:108B70004FF000024FF00003D7E904AB5946CB0099
:108B8000514643EA51735146CA00104619460346FE
:108B900042469B18C7F880304B460A4642EB030317
:108BA000C7F88430D7F8F4305B680022BB67FA67F7
:108BB0004FF000024FF00003D7E91E8949468B00B1
:108BC000414643EA917341468A00D7E92001F7F70D
:108BD000F3FF02460B461146384BA3FB01235B090A
:108BE000642202FB03F3CB1A1B013233334AA2FB8C
:108BF00003235B0903F0F0031C44D7F8FC30002288
:108C00003B677A67D7E91C8942464B469118B960A1
:108C10005B41FB60D7E90223414651183960494660
:108C20004B417B604FF000024FF00003D7E900ABEF
:108C30005946CB00514643EA51735146CA0010468B
:108C40001946034642469B18BB664B460A4642EB12
:108C50000303FB66D7F8F4305B6800223B667A6654
:108C60004FF000024FF00003D7E9188949468B0006
:108C7000414643EA917341468A00D7E91A01F7F762
:108C80009BFF02460B460D4BA3FB02135B096421BD
:108C900001FB03F3D31A1B013233084AA2FB03235F
:108CA0005B0903F00F02D7F8F4301B6822449A6086
:108CB00000BF07F58077BD46BDE8B08F1F85EB513B
:108CC0002DE9FF4757EC106B002F0C4619463B4629
:108CD000BBBF07F100431F4600232D230B700D9BE4
:108CE000DDF830A0914623F02008BCBF324616467E
:108CF000B8F1460F05D0B8F1450F00D1013402217B
:108D000000E0032103AB019302AB009347EC106B2F
:108D10005346224600F074FEB8F1470F054619D1BC
:108D200019F0010F0ED000EB040900220023304699
:108D30003946F7F7D1FE08B1CDF80C903022039BED
:108D40004B451ED3039B0E9A5B1B2846136004B051
:108D5000BDE8F087B8F1460F00EB0409E5D10378D0
:108D6000302B0AD10022002330463946F7F7B4FEF3
:108D700018B9C4F10104CAF80040DAF80030994487
:108D8000D3E7591C03911A70D9E7F7B50029BABF88
:108D900049422D232B2309290270437029DD0DF14F
:108DA00007031D460A271A46B1FBF7F607FB161400
:108DB000303402F8014C0C46632C03F1FF3331468A
:108DC000F1DC3031941E03F8011C411C2346AB42F8
:108DD0000AD30DF109039B1AAC4288BF002302336A
:108DE0000344181A03B0F0BD13F8016B01F8016FCA
:108DF000EDE7302330318370C170031DF1E70000CF
:108E00002DE9F04F8DB00C46DDF8588016461F4610
:108E1000054600F0F5FC036804931846F7F730FAAE
:108E200000230A93D8F800300590073323F0070396
:108E300003F1080294F818A0D4F800B0C8F8002094
:108E4000D3E9008929F000430793CDF81880C4E9DD
:108E50001289DDE906019C4B4FF0FF32F7F76EFEF9
:108E600070BBDDE90601984B4FF0FF32F7F748FE83
:108E700030BB0022002340464946F7F737FE10B1C9
:108E80002D2384F84330914A914BBAF1470F8CBFA0
:108E900090469846032323612BF0040323604FF090
:108EA0000009009733460BAA2146284600F0D2F964
:108EB000013040F08D804FF0FF300DB0BDE8F08FF5
:108EC00042464B4640464946F7F738FE40B14B46CE
:108ED000002BBCBF2D2384F843307E4A7E4BD4E761
:108EE00063680AF0DF0206925A1C3BD106236360D6
:108EF0004BF480620023226003930AABCDE901A307
:108F000009AB0093616849EC108B0DF123032846EF
:108F1000FFF7D6FE069B0999472B804629D1C81C2E
:108F200002DB6368994241DDAAF1020A5FFA8AFA1C
:108F30000139524604F150000991FFF726FF0A9AC1
:108F40001318012A8146236102DC2268D20701D569
:108F5000013323619DF82330002BA2D02D2384F808
:108F600043309EE7069A472AC2D1002BC0D1012385
:108F7000BDE7BAF1650FDBD9BAF1660F18D1002948
:108F800063680BDD216113B92268D00702D5013374
:108F90000B442361A1654FF00009DBE713B9226898
:108FA000D20701D50233F4E70123F2E74FF0670A55
:108FB0000A9B994205DB23682161D807EAD54B1C3F
:108FC000E7E70029D4BFC1F1020201221344E0E720
:108FD00023685A0507D42369424631462846B847D4
:108FE00001302BD167E7BAF1650F40F2DD80D4E99B
:108FF000120100220023F7F76FFD002833D0374A13
:10900000012331462846B84701303FF454AFDDE92B
:109010000938434502DB2368D8070FD5DDE904236F
:1090200031462846B84701303FF445AF4FF00009BC
:1090300008F1FF3804F11A0AC84509DC23689B07C8
:1090400000F10381E0680B9B9842B8BF184634E7F3
:109050000123524631462846B84701303FF42BAF32
:1090600009F10109E8E7099B002B39DC1B4A0123C0
:1090700031462846B84701303FF41DAFDDE90939D4
:1090800059EA030302D12368D907D7D5DDE90423C0
:1090900031462846B84701303FF40DAF4FF0000A83
:1090A00004F11A0B099B5B42534501DC4B4693E7E5
:1090B00001235A4631462846B84701303FF4FBAEFB
:1090C0000AF1010AEEE700BFFFFFEF7F5CD700085F
:1090D00058D7000864D7000860D7000868D7000890
:1090E000A36DDDF828A05345A8BF5346002B994631
:1090F00036DC4FF0000B29EAE97904F11A02A36D7E
:109100000693A3EB09035B4531DC099B9A453ADCE6
:109110002368DA0737D4099BAAEB0309069BAAEB5D
:1091200003039945A8BF9946B9F1000F33DC4FF00E
:10913000000829EAE97904F11A0B099BAAEB030359
:10914000A3EB090343457FF779AF01235A46314624
:109150002846B84701303FF4AEAE08F10108ECE70D
:10916000424631462846B8470130C2D1A3E6012322
:10917000314628460692B84701303FF49CAE069A25
:109180000BF1010BBBE7DDE9042331462846B84764
:109190000130C0D18FE6069A4B46424431462846FC
:1091A000B8470130C3D186E6DDF828A0BAF1010F37
:1091B00001DCDB0736D50123424631462846B84755
:1091C00001303FF478AEDDE9042331462846B84744
:1091D00001303FF470AED4E91201002200230AF1FD
:1091E000FF3AF7F779FCC0B9534608F1010231465E
:1091F0002846B84701300CD15DE601235A46314676
:109200002846B84701303FF456AE08F10108D04572
:10921000F3DB4B4604F15002DFE64FF0000804F1A7
:109220001A0BF4E701234246E1E701234A4631469F
:109230002846B84701303FF43EAE08F10108E36824
:109240000B995B1A4345F0DCFCE64FF0000804F193
:109250001909F4E72DE9F047164698468A680B6924
:10926000DDF820909342B8BF1346336091F8432055
:1092700007460C460AB1013333602368990642BFA2
:10928000336802333360256815F0060506D104F112
:10929000190AE36832689B1AAB4226DC94F8433023
:1092A0002268003B18BF012392062BD404F143022D
:1092B00041463846C84701301ED02368226903F072
:1092C0000603042B02BFE5683368ED1AA3680CBFE0
:1092D00025EAE57500259342C4BF9B1AED180026C8
:1092E0001A34B5421AD1002008E001235246414603
:1092F0003846C847013003D14FF0FF30BDE8F08752
:109300000135C6E7E1185A1C302081F84300224499
:1093100094F8451082F843100233C7E70123224630
:1093200041463846C8470130E6D00136D9E700004B
:109330002DE9FF470F7E0C9E782F914680460C4604
:109340009A4601F1430207D8622F0AD8002F00F095
:10935000D180582F00F0B88004F1420684F84270A2
:109360003AE0A7F16303152BF6D801A151F823F0D9
:10937000C9930008DD930008599300085993000829
:109380005993000859930008DD9300085993000889
:10939000599300085993000859930008DB9400087A
:1093A0000794000895940008599300085993000801
:1093B000FD94000859930008079400085993000889
:1093C000599300089D94000833681A1D1B68326089
:1093D00004F1420684F8423001239CE0336820689F
:1093E000191D3160060601D51D6803E04506FBD551
:1093F000B3F90050002D03DA2D236D4284F8433079
:1094000058480A2311E021683368080653F8045BC2
:1094100002D4490648BFADB26F2F5248336014BF23
:109420000A230823002184F843106668A660002EF2
:1094300005DB21682E4321F0040121604BD0164644
:10944000B5FBF3F103FB1157C75D06F8017D2F460D
:10945000BB420D46F4D9082B0BD12368DF0708D592
:10946000236961689942DEBF302306F8013C06F1AA
:10947000FF36921B2261CDF800A04B4603AA21467D
:109480004046FFF7E7FE01304AD14FF0FF3004B00D
:10949000BDE8F087236843F0200323603248782733
:1094A00084F84570236831681F0651F8045B02D4C4
:1094B0005F0648BFADB23160D90744BF43F0200317
:1094C00023601DB11023ADE72648E9E7236823F0A8
:1094D00020032360F6E71646BDE733682568616917
:1094E000181D30602E061B6801D5196002E0680661
:1094F000FBD51980002323611646BCE733681A1D8B
:1095000032601E68626800213046F6F769FE08B1D5
:10951000801B606063682361002384F84330AAE7FE
:109520002369324649464046D0470130ADD02368D2
:109530009B0713D4E068039B9842B8BF1846A6E780
:109540000123324649464046D04701309DD001357F
:10955000E36803995B1AAB42F2DCEBE7002504F108
:109560001906F5E76AD700087BD70008002310B575
:109570000446C0E90033C0E9043383608181436657
:10958000C2818361194608225C3000F031F90D4B2D
:1095900063620D4BA3620D4BE3620D4B23630D4BD6
:1095A00024629C4206D003F16802944202D0D03378
:1095B0009C4205D104F15800BDE8104000F094B978
:1095C00010BD00BFF1960008139700084B970008E4
:1095D0006F97000878140020024A0349034800F0FE
:1095E00069B800BF140000204DB20008240000201C
:1095F00041680C4B994210B5044601D001F026FE9B
:10960000A168094B994202D0204601F01FFEE16893
:10961000064B994204D02046BDE8104001F016BE2A
:1096200010BD00BF78140020E01400204815002071
:1096300010B50B4B0B4C0C4A1A602046002204213B
:10964000FFF794FF04F1680001220921FFF78EFF64
:1096500004F1D0000222BDE810401221FFF786BFBE
:10966000B015002078140020D9950008014800F0BA
:109670003CB900BFB9150020014800F037B900BF60
:10968000B915002010B50446FFF7F0FF236A1BB19F
:10969000BDE81040FFF7F0BF044B2362044B1B688A
:1096A000002BF5D1FFF7C4FFF2E700BFF1950008EA
:1096B000B01500202DE9F8430746884614460026D9
:1096C000D4E90195B9F1010905D52468002CF7D139
:1096D0003046BDE8F883AB89012B07D9B5F90E30C8
:1096E000013303D029463846C04706436835E9E7C9
:1096F00010B50C46B1F90E1000F0A8F80028ABBF69
:10970000636DA3891B1823F48053ACBF6365A381E9
:1097100010BD2DE9F0411F468B89DB0505460C463F
:10972000164605D5B1F90E100223002200F07CF890
:10973000A389B4F90E1023F48053A38132463B462B
:109740002846BDE8F04100F093B810B50C46B1F9D9
:109750000E1000F069F8431CA38915BF606523F45F
:10976000805343F48053A38118BFA38110BDB1F986
:109770000E1000F049B830B51446002C9BB00546D9
:109780001A4605DA8B2303604FF0FF301BB030BD63
:109790004FF40273ADF80C304FF00003199314BF6F
:1097A00004F1FF332346029305934FF6FF730091B4
:1097B0000491ADF80E3069461E9B01F0C7FB431CB7
:1097C000BCBF8B232B60002CE0D0009B00221A70C2
:1097D000DCE7000007B5009313460A46014603483C
:1097E0000068FFF7C8FF03B05DF804FB200000200D
:1097F00002440346934200D1704703F8011BF9E786
:10980000004870476001002038B5064D002304462B
:1098100008462B60FAF70AFE431C02D12B6803B1FD
:10982000236038BDB415002038B5074D04460846FE
:10983000114600222A601A46FAF71FFE431C02D185
:109840002B6803B1236038BDB415002038B5074D2F
:1098500004460846114600222A601A46FAF7ADFD72
:10986000431C02D12B6803B1236038BDB41500201E
:1098700038B5074D04460846114600222A601A46AC
:10988000FAF7B8FD431C02D12B6803B1236038BD41
:10989000B4150020014B1868704700BF200000205D
:1098A00070B50D4D0D4C641BA4100026A64209D1C5
:1098B0000B4D0C4C02F068F8641BA4100026A64265
:1098C00005D170BD55F8043B98470136EEE755F8D1
:1098D000043B98470136F2E7D4DA0008D4DA0008EE
:1098E000D4DA0008D8DA00087047704770472DE9CD
:1098F000F74F03690C69A34207467EDB013C01F187
:109900001408A30000F11405009305EB84030193F0
:1099100058F8243055F8242001339A4208EB840982
:10992000B2FBF3F62ED34FF0000AC446AE46D34640
:109930005CF8043B98B206FB00A0020C1B0C06FB73
:109940000323DEF8002080B292B2121A5A44DEF8E5
:1099500000004FEA134A9BB2C3EB224303EB1043D0
:1099600092B242EA0342E1454EF8042B4FEA234B00
:10997000DED2009BEB582BB9019B043B9D421A465B
:109980002FD33C61384601F07DF9002825DB2946BC
:10999000002058F8042BD1F800C01FFA82FE1FFAED
:1099A0008CF3A3EB0E030344120CC2EB234202EB35
:1099B0001C429BB243EA0243C14541F8043B4FEAD3
:1099C0002240E6D255F8242005EB840322B9043B5B
:1099D0009D421A460BD33C610136304603B0BDE8C8
:1099E000F08F1268043B002ACBD1013CC6E7126815
:1099F000043B002AEFD1013CEAE70020EEE700003B
:109A00002DE9F04FC76997B08DED040B55EC104B65
:109A1000209E079181460C9211937FB9102000F08F
:109A200009FE0246C9F81C0020B9A94BEF21A9483C
:109A300001F06CFCC0E901770760C760D9F81C3001
:109A4000196859B15A684A60012393408B604846AF
:109A500000F0E6FED9F81C3000221A602B1EB9BFB8
:109A600023F00043059300233360059F9A4BBCBF4E
:109A700001223260BB4312D1119A42F20F7313607C
:109A8000C7F31303234300F05A85219BDFF85CA240
:109A9000002B00F05C850AF1030300F056BD9DED3C
:109AA000047B002251EC170B00238DED0A7BF7F7A6
:109AB00013F8804658B1119A01231360219B13B10A
:109AC000219A864B1360DFF828A200F040BD9DED7F
:109AD0000A0B14AA15A9484601F084F9C7F30A56DF
:109AE0000290002E78D00B9BCDF84880C3F313036F
:109AF000DDE90A0143F07F5343F44013A6F2FF3639
:109B000019460022764BF6F7C7FB6BA3D3E9002377
:109B1000F6F77AFD6AA3D3E90023F6F7BFFB044604
:109B200030460D46F6F706FD67A3D3E90023F6F7A6
:109B30006BFD02460B4620462946F6F7AFFB04466E
:109B40000D46F7F711F80022074600232046294664
:109B5000F6F7CCFF40B13846F6F7ECFC22462B4630
:109B6000F6F7BAFF00B9013F162F52D85D4B03EB51
:109B7000C703D3E90023DDE90A01F6F7B7FF0028A0
:109B800049D0013F00231093149B9B1B5A1E45BFD5
:109B9000C3F10103009300230023069254BF0093F6
:109BA0000693002F39DB069B0D973B440693002359
:109BB0000893079B092B63D8052BC4BF043B07936D
:109BC000079BA3F10203CCBF00240124032B63D81D
:109BD000DFE803F05254372BDDE914631E4406F22C
:109BE0003243202BC1BFC3F140039F4006F2124312
:109BF00024FA03F3D6BFC3F1200347EA030004FAB3
:109C000003F0F6F787FC0122A1F1F873013E1292EE
:109C100076E70123B7E71090B6E7009BDB1B0093C4
:109C20007B42089300230D93C3E7012309930C9B08
:109C300007EB030B0BF10103012B0393B8BF0123C7
:109C400006E0012309930C9B002B28DD9B46039320
:109C5000D9F81C000021042202F114059D4226D9E6
:109C60004160484600F09CFD8246002842D11E4BD0
:109C7000024640F2AF11DAE60023E3E70023D5E71E
:109C800001240023079309944FF0FF3B0022CDF8F5
:109C90000CB012230C92DBE701230993F4E74FF099
:109CA000010BCDF80CB05B46CDF830B0D0E70131F8
:109CB0005200D1E7AFF3008061436F63A787D23FC3
:109CC000B3C8608B288AC63FFB799F501344D33FAB
:109CD00099D70008B0D700080000F07F69D70008C6
:109CE0000000F83F00D9000808D8000895D7000800
:109CF00068D70008D9F81C301860039B0E2B00F2BF
:109D0000A180002C00F09E80002F33DD9C4B07F0DB
:109D10000F0203EBC20393ED007BF8058DED0E7B84
:109D20004FEA271416D5974BDDE90A01D3E908233A
:109D3000F6F794FDCDE9040104F00F040326914DDC
:109D400054B9DDE90E23DDE90401F6F787FDCDE91D
:109D5000040128E00226F2E7E10708D5DDE90E015B
:109D6000D5E90023F6F750FCCDE90E010136641069
:109D70000835E5E700F0AF807C42814B814D04F06F
:109D80000F0203EBC203D3E90023DDE90A01F6F772
:109D90003BFCCDE90401241100230226002C40F0F5
:109DA0008F80002BD3D1109BDDE90445002B00F000
:109DB0009480754B002220462946F6F797FE00282E
:109DC00000F08B80039B002B00F08780BBF1000F1D
:109DD00034DD20466D4B00222946F6F715FCCDE90F
:109DE000040107F1FF3801365C463046F6F7A2FB66
:109DF000DDE90423F6F708FC654B0022F6F74EFA7E
:109E00000546A1F15076002C6AD1DDE90401614BD1
:109E10000022F6F741FA02460B46CDE904232A4612
:109E20003346F6F781FE002840F09882DDE9040110
:109E30002A4606F10043F6F759FE38BBDDE90A343D
:109E4000CDE90434159B002BC0F257810E2F00F38F
:109E500054814B4B03EBC70393ED007B0C9B002B12
:109E60008DED007B80F2E580039B002B00F3E18009
:109E70000CD1484B002251EC170BF6F7C5FBDDE97E
:109E80000423F6F747FE002800F0668200242546EA
:109E90000C9B56466FEA030800272146484600F00F
:109EA000BFFC002D00F0BD802FB1AF4203D039467A
:109EB000484600F0B5FC2946484600F0B1FCB0E049
:109EC000E20705D5D5E90023F6F79EFB013601230D
:109ED0006410083562E7022665E7039CB84684E70C
:109EE000274B099903EBC40353E902235444002987
:109EF00054D029490020F6F7B1FC33462A46F6F73C
:109F0000CBF9CDE90E015646DDE90401F6F72CFE4A
:109F10000546F6F70FFB02460B46DDE90401F6F7AE
:109F2000BBF9303502460B46CDE9042306F8015B48
:109F3000DDE90E23F6F7DAFD002872D1DDE904230E
:109F400011490020F6F7A8F9DDE90E23F6F7CEFD5A
:109F5000002840F0B480A6423FF470AFDDE90E0166
:109F60000A4B0022F6F750FB084BCDE90E01002208
:109F7000DDE90401F6F748FBCDE90401C4E700BFC1
:109F800000D90008D8D800080000F03F00002440A5
:109F900000001C40000014400000E03F314628460D
:109FA000F6F732FBCDE90E0113945646DDE90401C4
:109FB000F6F7DAFD0546F6F7BDFA02460B46DDE98F
:109FC0000401F6F769F9303506F8015B02460B46E5
:109FD000A642CDE904234FF0000224D1AF4BDDE9C6
:109FE0000E01F6F75BF902460B46DDE90401F6F7D0
:109FF0009BFD002863D1DDE90E23A8490020F6F778
:10A000004BF902460B46DDE90401F6F76FFD002827
:10A010003FF414AF139E731E139316F8013C302BBC
:10A02000F8D047463BE09E4BF6F7EEFACDE9040147
:10A03000BCE7DDE904455646DDE900232046294614
:10A04000F6F70CFCF6F790FD8046F6F773FADDE9BB
:10A050000023F6F7D9FA02460B462046294608F1B6
:10A060003004F6F719F906F8014B039DA6EB0A0434
:10A07000A54202460B4633D1F6F710F9DDE900237D
:10A0800004460D46F6F750FDC0B9DDE90023204631
:10A090002946F6F721FD10B118F0010F0ED10299F3
:10A0A000484600F0BDFB00233370119B01371F6051
:10A0B000219B002B00F04B821E6048E2B8463346DD
:10A0C0001E4613F8012D392A06D19A45F8D13022BF
:10A0D00008F101088AF800201A7801321A70A0E706
:10A0E0006F4B0022F6F790FA0022002304460D463B
:10A0F000F6F7F2FC00289FD0D1E7099A002A00F079
:10A10000EA80079A012A00F3CD80129A002A00F013
:10A11000C18003F23343089C009E009A1A440092C7
:10A12000069A01211A444846069200F02DFC054685
:10A1300066B1069B002B09DDB342009AA8BF3346E7
:10A14000D21A0092069AF61AD31A0693089B0BB3FA
:10A15000099B002B00F0C680002C00F0C08029462F
:10A160002246484600F0C8FC029A01460546484689
:10A1700000F020FC02998046484600F051FB089B05
:10A180001B1B089300F0B180089A4146484600F036
:10A19000B3FC02900121484600F0F6FB0D9B0446FB
:10A1A000002B00F0D8811A460146484600F0A4FC76
:10A1B000079B012B044600F39F80049B002B40F07B
:10A1C0009780059BC3F31303002B40F09380059BFE
:10A1D00023F000431B0D1B0533B1009B013300939B
:10A1E000069B01330693012308930D9B002B00F07F
:10A1F000B881236904EB8303186900F079FBC0F18F
:10A200002000069B184410F01F0000F08280C0F16F
:10A210002003042B73DD009BC0F11C00034400935A
:10A22000069B034406440693009B002B05DD029920
:10A230001A46484600F0BAFC0290069B002B05DD4A
:10A2400021461A46484600F0B1FC0446109B002BFC
:10A2500061D00298214600F015FD00285BDA00234A
:10A2600002990A22484600F0FDFA099B029007F184
:10A27000FF38002B00F07781294600230A22484648
:10A2800000F0F0FABBF1000F05466FDC079B022BD4
:10A2900049DC6BE0149BC3F136033CE70000E03F70
:10A2A00000002440039B5C1E089BA34209DB1C1B8F
:10A2B000039B002BBFF630AF009B039A9E1A00232E
:10A2C0002BE7089B0D9A0894E31A1A44009E039BFF
:10A2D0000D92002421E7089C009E099D28E7DDF8E7
:10A2E000088051E7089A029950E7CDF8088051E7B5
:10A2F000002379E7049B77E70023089379E793D05D
:10A30000009A1C331A440092069A1A441E4406927C
:10A310008AE70346F4E7039B002BB84620DC9B4604
:10A32000079B022B1EDDBBF1000F7FF4B1AD214670
:10A330005B460522484600F095FA0146044602981D
:10A3400000F0A0FC00287FF7A3AD5646312306F8A5
:10A35000013B08F101089FE5039CB8462546F4E758
:10A36000DDF80CB0099B002B00F00181002E05DD0B
:10A3700029463246484600F019FC0546089B002B4A
:10A380005CD06968484600F00BFA064628B9824B53
:10A39000024640F2EF21FFF74ABB2A6902329200DF
:10A3A00005F10C010C3000F0A3FF012231464846B4
:10A3B00000F0FCFB0AF1010300930AEB0B03089386
:10A3C000049B03F001032F4606930546009B029869
:10A3D000214603F1FF3BFFF78AFA0346303303902F
:10A3E00039460298099300F04DFC2A460490214614
:10A3F000484600F063FCC268099B064602BB014662
:10A40000029800F03FFC099B0246314648460C92F8
:10A41000099300F005FA079B0C9A009E42EA03019B
:10A42000069B1943099B0DD1392B27D0049A002A8A
:10A4300001DD039B31338BF800302EE52846B9E768
:10A440000122E2E70499002904DB079801430698FA
:10A45000014320D1002AEEDD0299009301224846F3
:10A4600000F0A4FB2146029000F00CFC0028009BA9
:10A4700002DCE0D1DA07DED5392BDAD139238BF8CB
:10A48000003033461E46013B16F8012C392A4ED0C7
:10A4900001321A7001E5002A03DD392BEED00133B9
:10A4A000C9E7009A089902F8013C8A4228D002992B
:10A4B00000230A22484600F0D5F9AF4202904FF03F
:10A4C00000034FF00A023946484607D100F0CAF9A6
:10A4D00007460546009B0133009377E700F0C2F979
:10A4E0002946074600230A22484600F0BBF90546E4
:10A4F000F0E7BBF1000FCCBF5E46012656440027B3
:10A50000029900930122484600F050FB2146029038
:10A5100000F0B8FB0028B4DC02D1009BDB07B0D40C
:10A5200033461E4613F8012D302AFAD0B5E49A4579
:10A53000A8D1312308F101088AF80030ADE4219B4D
:10A54000DFF858A01BB10AF10803219A13605046A6
:10A5500017B0BDE8F08F079B012B7FF72EAE0D9B48
:10A56000089301204DE6BBF1000F7FF7D9AE5646A8
:10A5700002982146FFF7BBF900F1300306F8013BD2
:10A58000A6EB0A029345B4DD029900230A2248464D
:10A5900000F068F90290EBE708D800088CD70008B3
:10A5A00038B50546002941D051F8043C0C1F002B5A
:10A5B000B8BFE41800F0E8F81D4A136833B96360C7
:10A5C00014602846BDE8384000F0E4B8A34208D93A
:10A5D000206821188B4201BF19685B680918216047
:10A5E000EDE71A465B680BB1A342FAD9116850181F
:10A5F000A0420BD120680144501883421160E0D181
:10A6000018685B68536008441060DAE702D90C23CD
:10A610002B60D6E7206821188B4204BF19685B685D
:10A62000636004BF091821605460CAE738BD00BFE9
:10A63000C0150020024B0146186800F025B800BF85
:10A640002000002070B50F4E0C463168054611B948
:10A6500000F03EFE30602146284600F039FE431CE3
:10A6600003D14FF0FF34204670BDC41C24F0030416
:10A67000A042F8D0211A284600F02AFE0130F2D17B
:10A68000EFE700BFBC1500202DE9F843CD1C25F0F5
:10A69000030508350C2D38BF0C25002D064601DBBF
:10A6A000A94204D90C2333600020BDE8F883DFF809
:10A6B000D48000F069F8D8F800301C4644BB294625
:10A6C0003046FFF7BFFF431C044658D1D8F800407E
:10A6D0002746002F43D1002C4BD023683946304603
:10A6E00004EB030900F0F4FD814542D121686D1AA5
:10A6F00029463046FFF7A6FF01303AD023682B44A5
:10A700002360D8F800305A6862BBC8F800700FE0C8
:10A710002268521B20D40B2A17D96119A342256045
:10A7200018BF5960636808BFC8F8001062514B60D9
:10A73000304600F02FF804F10B00231D20F0070035
:10A74000C21A1CBF1B1AA350AFE76268A3420CBF1A
:10A75000C8F800205A60EBE723466468AEE73C4641
:10A760007F68B6E71A465B68A342FBD100235360BB
:10A77000DEE70C233360304600F00CF894E7056008
:10A78000D6E700BFC01500200148FFF7AEB800BFF4
:10A79000B81500200148FFF7A9B800BFB815002080
:10A7A00070B5C66904460D4676B91020FFF742FF22
:10A7B0000246E06120B9184B18486B2100F0A6FD55
:10A7C000C0E901660660C660E669F36883B1E369C3
:10A7D000DB6853F82500B8B9012101FA05F6721DAE
:10A7E0009200204600F0B0FD60B1C0E901560EE0D5
:10A7F00021220421204600F0A7FDE369F060DB6818
:10A80000002BE4D1002070BD026843F8252000230E
:10A81000C0E90333F7E700BF99D7000819D800084B
:10A8200070B5C66905460C4676B91020FFF702FFE1
:10A830000246E86120B9094B09488F2100F066FD06
:10A84000C0E901660660C6603CB1EB696268DB681E
:10A8500053F82210216043F8224070BD99D70008B8
:10A8600019D800082DE9F0410D6907460C461E462F
:10A8700001F1140C0020DCF8003099B202FB0161F8
:10A880001E0C0B0C02FB063389B2013001EB0341B5
:10A8900085424CF8041B4FEA1346ECDC0EB3A36868
:10A8A000AB4219DC616838460131FFF779FF804619
:10A8B00028B902460C4B0D48BA2100F027FD226949
:10A8C000023204F10C0192000C3000F011FD21461F
:10A8D0003846FFF7A5FF444604EB850301355E616A
:10A8E00025612046BDE8F08108D8000819D8000885
:10A8F000B0F5803F034636BF030400201020B3F1BB
:10A90000807F3CBF1B020830B3F1805F3CBF1B015E
:10A910000430B3F1804F3CBF9B000230002B05DBBD
:10A9200013F0804F00F1010008BF2020704703683A
:10A93000024613F007000BD0D90721D4980749BF6E
:10A940005B089B08012013605CBF13600220704706
:10A9500099B209B91B0C1020D9B209B908301B0AE9
:10A96000190704BF1B090430990704BF9B08023074
:10A97000D90703D45B0800F1010003D013607047CE
:10A98000002070472020704710B50C460121FFF7CA
:10A9900007FF024628B9054B054840F2451100F073
:10A9A000B5FC01234461036110BD00BF08D8000855
:10A9B00019D800082DE9F04F17460A693B699A42F9
:10A9C000A8BF3B468946A4BF0F4699463D69D9F8C2
:10A9D00010A0BB68796805EB0A06B34285B0B8BF22
:10A9E0000131FFF7DDFE30B90246414B41484FF4DB
:10A9F000B17100F08BFC00F1140404EB860E2346C9
:10AA00000022734520D307F1140809F1140108EB63
:10AA1000850501EB8A030293EB1B153B23F003032F
:10AA200004331537BD4238BF04230193029B0391C1
:10AA30008B420CD8002E03DD5EF8043D002B55D070
:10AA4000066105B0BDE8F08F43F8042BD9E7B1F8F3
:10AA500000A0BAF1000F1FD0C446A14600275CF841
:10AA6000042BD9F800301FFA82FB9BB20AFB0B3390
:10AA70003B44D9F80070120C3F0C0AFB027202EB47
:10AA800013429BB243EA0243654549F8043B4FEA4F
:10AA90001247E4D8019BE750039BB3F802900431BE
:10AAA000B9F1000F20D023684746A4464FF0000AB2
:10AAB000B7F800B0BCF8022009FB0B2252449BB24D
:10AAC00043EA02434CF8043B57F8043B4FEA134A6D
:10AAD000BCF8003009FB0A3303EB1243BD424FEAD6
:10AAE000134AE5D8019AA35004349FE7013EA1E739
:10AAF00008D8000819D800082DE9F843154612F0C7
:10AB0000030207460E4607D0254C013A002354F8AD
:10AB10002220FFF7A7FE0646AD103DD0FC697CB9A8
:10AB20001020FFF787FD0246F86128B91D4B1E482B
:10AB300040F2B31100F0EAFBC0E901440460C460D4
:10AB4000D7F81C80D8F808404CB940F2712138463B
:10AB5000FFF71AFF0023C8F80800044603604FF00F
:10AB60000009EB070AD5314622463846FFF722FF97
:10AB7000314680463846FFF753FE46466D100BD0EF
:10AB8000206838B9224621463846FFF713FF206077
:10AB9000C0F800900446E4E73046BDE8F88300BF03
:10ABA000CCD8000899D7000819D800082DE9F0473B
:10ABB0000C464968236903EB6218A368074691466F
:10ABC0004FEA621A08F10106B3420BDB3846FFF781
:10ABD000E7FD054648B90246284B29484FF4EF7176
:10ABE00000F094FB01315B00EEE7002300F114015B
:10ABF00000F110021846534533DB20692AEAEA7A4D
:10AC000004F1140319F01F0901EB8A0103EB800C16
:10AC10002BD0C9F1200E8A460022186800FA09F0EC
:10AC200010434AF8040B53F8042B9C4522FA0EF209
:10AC3000F3D8ACEB0403153B23F00303043304F116
:10AC40001500604588BF0423CA500AB108F1020606
:10AC5000013E38462E612146FFF7E2FD2846BDE859
:10AC6000F08742F8040F0133C5E7043953F8042B89
:10AC700041F8042F9C45F9D8EAE700BF08D800083E
:10AC800019D800080A6903460069801A30B50ED148
:10AC90001433143103EB820401EB820154F8045D98
:10ACA00051F8042D954203D005D24FF0FF3030BD4E
:10ACB000A342F3D3FBE70120F9E700002DE9F74FAA
:10ACC00089460646114648461446FFF7DBFF051E37
:10ACD00012D129463046FFF763FD024628B93F4BA3
:10ACE00040F237213E4800F011FB0123C0E9043552
:10ACF000104603B0BDE8F08FBCBF4B46A1463046BE
:10AD0000D9F80410BABF1C4601250025FFF748FDFD
:10AD1000024618B9314B40F24521E3E7D9F81070EB
:10AD20002669C56009F1100309F1140504F1140E38
:10AD300000F1140B05EB87080EEB86060193D9464C
:10AD40004FF0000C019B5EF8040B53F804AF019325
:10AD50001FFA8AF3194683B2CB1A000C6344C0EB86
:10AD60001A4000EB23409BB243EA0043764549F882
:10AD7000043B4FEA204CE5D8331B153B23F003037B
:10AD800015340433A64238BF04231D445B441E46D9
:10AD90002C4644450ED308F10301491B21F0030161
:10ADA000033DA84538BF00210B4453F8041D91B161
:10ADB00017619DE754F8041BE646080C1CFA81FC59
:10ADC000714400EB2C4089B241EA004146F8041B73
:10ADD0004FEA204CDDE7013FE7E700BF08D8000855
:10ADE00019D800082DE9F7430F46012159EC108BC3
:10ADF0001646FFF7D5FC044630B90246234B2448DB
:10AE000040F20F3100F082FAC9F30A55C9F3130377
:10AE10000DB143F480130193B8F1000323D06846C9
:10AE20000093FFF784FDDDE90012D0B1C0F12003EB
:10AE300002FA03F30B43C24063610192019BA361D9
:10AE4000002B0CBF012202222261A5B1A5F23345DD
:10AE500005443D60C0F135003060204603B0BDE8D8
:10AE6000F0836161EAE701A8FFF761FD019B63617F
:10AE700020300122E8E704EB8203A0F23240386080
:10AE80001869FFF735FDC0EB4210E5E708D8000868
:10AE900019D800082DE9F0478E681F46BE420B689E
:10AEA00082460C4690462DD8B1F90C2012F4906FD2
:10AEB00026D06569096905EB4505A3EB010905EB9A
:10AEC000D5757B1C4B446D109D4238BF1D46530504
:10AED00027D52946FFF7D8FB064660B321694A46C5
:10AEE00000F006FAA38923F4906343F08003A38162
:10AEF000266165614E44A5EB09052660A5603E46C6
:10AF0000BE4200D93E4620683246414600F0C6F9AE
:10AF1000A3689B1BA3602368334423600020BDE823
:10AF2000F0872A4600F036FA06460028E0D121696B
:10AF30005046FFF735FB0C23CAF80030A38943F0D5
:10AF40004003A3814FF0FF30E9E700002DE9F04F07
:10AF500098468B891B069DB007460D46144610D5B2
:10AF60000B6973B94021FFF78FFB2860286130B966
:10AF70000C233B604FF0FF301DB0BDE8F08F402345
:10AF80006B610023099320238DF82930CDF80C80C4
:10AF90003023DFF89C818DF82A304FF001092346D9
:10AFA0009A4613F8012B0AB1252AF9D1BAEB040B02
:10AFB0000BD05B46224629463846FFF76BFF01302F
:10AFC00000F0A780099A5A4409929AF80030002BA1
:10AFD00000F09F8000234FF0FF32CDE905230AF1F6
:10AFE000010A049307938DF853301A9354460522AF
:10AFF00014F8011B4E48F5F7F3F8049AD8B9D006B7
:10B0000044BF20238DF85330110744BF2B238DF804
:10B0100053309AF800302A2B15D0079A5446002056
:10B020004FF00A0C214611F8013B303B092B4BD95C
:10B03000B0B1079214E0A0EB080309FA03F313433D
:10B040000493A246D2E7039B191D1B680391002BB2
:10B05000BBBF5B4242F0020207930793B8BF049262
:10B0600023782E2B0AD163782A2B32D1039B1A1D09
:10B070001B68039243EAE37302340593DFF8C0A030
:10B08000217803225046F5F7ABF838B1049BA0EBCA
:10B090000A004022824013430134049314F8011B38
:10B0A00024488DF828100622F5F79AF8002836D0A3
:10B0B000214B1BBB039B073323F007030833039388
:10B0C000099B334409936AE70CFB02320C460120CA
:10B0D000A8E700230134059319464FF00A0C2046D7
:10B0E00010F8012B303A092A03D9002BC6D005915C
:10B0F000C4E70CFB012104460123F0E703AB0093F6
:10B100002A460E4B04A93846FDF77AFE421C064635
:10B11000D6D1AB895B063FF52DAF09982CE703AB81
:10B1200000932A46054B04A93846FEF701F9EDE7DE
:10B1300072D800087CD80008018E000895AE00087F
:10B1400078D80008B1F90C202DE9F0411607054622
:10B150000C4654D44B68002B02DC0B6C002B48DDF2
:10B16000E66A002E45D0002312F480522F68216A2F
:10B170002B6030D0626DA389590705D56368D21A58
:10B18000636B0BB1236CD21A0023E66A216A28464E
:10B19000B047431CA38906D129681D292BD82A4A08
:10B1A000CA40D60727D500226260D90422692260EE
:10B1B00004D5421C01D12B6803B96065616B2F6017
:10B1C000B9B104F14403994202D02846FFF7E8F9E7
:10B1D000002363630DE001232846B0470246501C5C
:10B1E000C9D12B68002BC6D01D2B01D0162B1ED128
:10B1F0002F60002022E043F040031BB21BE00F69E8
:10B20000002FF6D093070E6808BF4B690F6018BF78
:10B210000023A6EB07088B60B8F1000FE9DD216A77
:10B22000A66A43463A462846B047002808DCB4F9E7
:10B230000C3043F04003A3814FF0FF30BDE8F081B4
:10B240000744A8EB0008E7E70100402038B50B6988
:10B2500005460C4613B90025284638BD18B1036AC7
:10B260000BB9FEF70FFAB4F90C30002BF3D0626E75
:10B27000D00704D4990502D4A06DFEF736FB28460A
:10B280002146FFF75FFF636EDA070546E4D4A38922
:10B290009B05E1D4A06DFEF729FBDDE7884210B5E0
:10B2A00001EB020402D98442234607D8431EA1427F
:10B2B00008D011F8012B03F8012FF8E702440146EA
:10B2C0008A4200D110BD13F8014D02F8014DF7E795
:10B2D00038B5064D0023044608462B60F9F7DAF826
:10B2E000431C02D12B6803B1236038BDB415002084
:10B2F0000A44914200F1FF3300D1704710B511F8B4
:10B30000014B03F8014F9142F9D110BD1FB514460E
:10B310001A46094B1B680546D8684CB1074B00918B
:10B32000CDE9013406492B4600F070F800F080F8B2
:10B33000044B1C46F3E700BF200000208DD8000816
:10B340009AD80008C8D8000870B5A1FB025434B9D7
:10B350002946FFF799F9064628B9304670BD0C22F8
:10B3600002600026F9E72A462146FEF741FAF4E793
:10B3700082B001B901A942B14BB113780B601278C8
:10B38000101E18BF012002B070471046FBE76FF097
:10B390000100F8E72DE9F041074614460D4621B9B2
:10B3A000BDE8F0411146FFF76FB92AB9FFF7F8F889
:10B3B00025462846BDE8F08100F041F88442064663
:10B3C00002D8B4EB500FF4D821463846FFF75CF9A9
:10B3D000804608B94546ECE7B4422246294628BFD4
:10B3E0003246FFF785FF29463846FFF7D9F8F1E7DF
:10B3F0000346084641B1FF2A04D98A221A604FF059
:10B40000FF3070470A700120704700000EB403B58A
:10B41000014603AB054853F8042B0068019300F084
:10B420003FF802B05DF804EB03B070472000002045
:10B4300008B5062000F008FA0120F8F7B3FF51F82C
:10B44000043C181F002BBCBF0B58C01870479368F2
:10B45000013B002B10B4936008DA9469A34201DB2E
:10B460000A2903D15DF8044B00F032B91368581C67
:10B470001060197008465DF8044B7047F8B5064631
:10B480000F461446D518AC4201D1002007E014F84D
:10B49000011B3A463046FFF7DAFF431CF3D1F8BDF3
:10B4A0002DE9F04F0D469DB014469846064618B15A
:10B4B000036A0BB9FEF7E6F86B6ED90705D4AB89C2
:10B4C0009A0502D4A86DFEF710FAAB891B0701D5C7
:10B4D0002B699BB92946304600F038F970B16B6E84
:10B4E000DC0704D54FF0FF301DB0BDE8F08FAB890D
:10B4F0009805F7D4A86DFEF7F9F9F3E7002309934F
:10B5000020238DF82930CDF80C803023DFF8AC8172
:10B510008DF82A304FF0010923469A4613F8012B83
:10B520000AB1252AF9D1BAEB040B0BD05B462246AF
:10B5300029463046FFF7A2FF013000F0A780099AA4
:10B540005A4409929AF80030002B00F09F800023A3
:10B550004FF0FF32CDE905230AF1010A0493079366
:10B560008DF853301A935446052214F8011B5348A2
:10B57000F4F736FE049AD8B9D10644BF20238DF8DB
:10B580005330130744BF2B238DF853309AF8003003
:10B590002A2B15D0079A544600204FF00A0C21465A
:10B5A00011F8013B303B092B4BD9B0B1079214E0A5
:10B5B000A0EB080309FA03F313430493A246D2E76E
:10B5C000039B191D1B680391002BBBBF5B4242F01C
:10B5D000020207930793B8BF049223782E2B0AD157
:10B5E00063782A2B32D1039B1A1D1B68039243EA0E
:10B5F000E37302340593DFF8D4A021780322504688
:10B60000F4F7EEFD38B1049BA0EB0A004022824023
:10B6100013430134049314F8011B29488DF82810B2
:10B620000622F4F7DDFD00283FD0264B1BBB039B11
:10B63000073323F0070308330393099B3B44099323
:10B640006AE70CFB02320C460120A8E70023013414
:10B65000059319464FF00A0C204610F8012B303A9A
:10B66000092A03D9002BC6D00591C4E70CFB0121A0
:10B6700004460123F0E703AB00932A46124B04A9CA
:10B680003046FDF7BDFB0746781CD6D16B6ED90757
:10B6900005D4AB899A0502D4A86DFEF727F9AB89CA
:10B6A0005B063FF51FAF09981EE703AB00932A46E0
:10B6B000054B04A93046FDF73BFEE4E772D80008CD
:10B6C0007CD80008018E00087DB4000878D80008F6
:10B6D000F8B50E461446054618B1036A0BB9FDF7D6
:10B6E000D1FFA369A360A3891A0701D5236943B9D0
:10B6F0002146284600F02AF818B14FF0FF373846A7
:10B70000F8BD23682269981A6369F6B28342374606
:10B7100005DC21462846FFF799FD0028EDD1A368F6
:10B72000013BA36023685A1C22601E706269431C9F
:10B730009A4204D0A389DB07E1D50A2EDFD1214646
:10B740002846FFF783FD0028D9D0D6E738B5294B26
:10B75000054618680C4618B1036A0BB9FDF792FF4D
:10B76000B4F90C30190722D4DA0607D409222A606A
:10B7700043F04003A3814FF0FF3033E0580712D568
:10B78000616B41B104F14403994202D02846FEF7AF
:10B7900007FF00236363A38923F02403A38100230D
:10B7A000636023692360A38943F00803A3812369AD
:10B7B0004BB9A38903F42073B3F5007F03D021466E
:10B7C000284600F083F8B4F90C3013F001020AD0D7
:10B7D0000022A26062695242A261226942B913F05A
:10B7E0008000C5D138BD990758BF6269A260F4E7EF
:10B7F0000020F7E7200000201F2938B505460C4639
:10B8000004D9162303604FF0FF3038BDC26B12B16C
:10B8100052F821304BB9284600F030F82246014654
:10B820002846BDE8384000F017B8012B0AD0591C53
:10B8300003D1162303600120E7E7002142F824101A
:10B84000204698470020E0E7024B01461868FFF7C2
:10B85000D3BF00BF2000002038B5074D00230446A9
:10B86000084611462B60F8F78DFD431C02D12B686A
:10B8700003B1236038BD00BFB4150020F8F77ABDCE
:10B8800070B50C46B1F90E10002996B015461E464B
:10B890000DDAA38913F0800F4FF0000114BF40238D
:10B8A0004FF48063002031602B6016B070BD6A4693
:10B8B00000F048F80028ECDB019901F47041A1F593
:10B8C0000053594259414FF48063EBE78B89F7B538
:10B8D0009D0706460C4607D504F147032360236104
:10B8E0000123636103B0F0BD01AB6A46FFF7C8FFF7
:10B8F000009F054639463046FEF7C6FE48B9B4F902
:10B900000C309A05EED423F0030343F00203A38125
:10B91000E2E7A389206043F08003A381019BC4E98F
:10B9200004075BB1B4F90E10304600F01DF828B1E1
:10B93000A38923F0030343F00103A381A3891D43DB
:10B94000A581CFE738B5074D0023044608461146C8
:10B950002B60F8F777FD431C02D12B6803B12360FD
:10B9600038BD00BFB415002038B5064D002304468D
:10B9700008462B60F8F776FD431C02D12B6803B113
:10B98000236038BDB4150020F8B500BFF8BC08BC72
:10B990009E467047F8B500BFF8BC08BC9E4670478D
:10B9A0000D0AF09F948D2043414C43554C4154491E
:10B9B0004E47204F5054494D414C2050415448204F
:10B9C00046524F4D204558504C4F5245442041520D
:10B9D0004541532E2E2E0D0A00000000476F616C6A
:10B9E0002063656C6C202825642C256429207669E9
:10B9F00073697465640D0A00E29D8C204552524FB4
:10BA0000523A204E6F20676F616C2063656C6C73D7
:10BA10002077657265207669736974656420647542
:10BA200072696E67206578706C6F726174696F6E91
:10BA3000210D0A005175657565206F766572666C1B
:10BA40006F77210D0A0000005B5041544820414EA1
:10BA5000414C595349535D204F7074696D616C209E
:10BA600070617468207468726F756768206578709B
:10BA70006C6F7265642061726561733A2025642081
:10BA800073746570730D0A005B5041544820414E39
:10BA9000414C595349535D20466C6F6F6420666971
:10BAA0006C6C20757064617465733A2025640D0AAE
:10BAB000000000000D0A3D3D3D204348414D5049E6
:10BAC0004F4E5348495020504552464F524D414EDB
:10BAD000434520414E414C59534953203D3D3D0D76
:10BAE0000A000000F09F938A204558504C4F524165
:10BAF00054494F4E204D4554524943533A0D0A0084
:10BB0000204578706C6F726174696F6E204566664F
:10BB1000696369656E63793A20252E316625250DA6
:10BB20000A0000002043656C6C73205669736974C9
:10BB300065643A2025642F25640D0A0020546F7433
:10BB4000616C204578706C6F726174696F6E205300
:10BB5000746570733A202564206D6F7665730D0AE5
:10BB6000000000000D0AF09F8EAF204F5054494D49
:10BB7000414C205041544820414E414C5953495367
:10BB80003A0D0A0020426573742050617468205495
:10BB900068726F756768204578706C6F7265642095
:10BBA00041726561733A2025642073746570730D6A
:10BBB0000A0000002050617468204B6E6F776C653E
:10BBC0006467653A20E29C8520434F4D504C4554B4
:10BBD0004520666F72206578706C6F7265642072A4
:10BBE0006567696F6E730D0A0000000020416C6785
:10BBF0006F726974686D20456666696369656E6316
:10BC0000793A20E29C85204348414D50494F4E539C
:10BC1000484950204C4556454C0D0A0020E29D8C69
:10BC2000204E6F207061746820666F756E6420749A
:10BC300068726F756768206578706C6F72656420D4
:10BC40006172656173210D0A000000002043686580
:10BC5000636B2069662063656E746572207761731B
:10BC6000207265616368656420616E64207374612D
:10BC700072742069732061636365737369626C65B4
:10BC80000D0A00000D0AF09F8F8620504552464F46
:10BC9000524D414E434520524154494E473A0D0AB8
:10BCA0000000000020E2AD90E2AD90E2AD90E2AD88
:10BCB00090E2AD90204348414D50494F4E53484982
:10BCC00050204C4556454C0D0A00000020F09FA521
:10BCD0008720456666696369656E74206578706C57
:10BCE0006F726174696F6E2077697468206F707409
:10BCF000696D616C2070617468206B6E6F776C6524
:10BD0000646765210D0A000020E2AD90E2AD90E28B
:10BD1000AD90E2AD9020434F4D5045544954494FAA
:10BD20004E2052454144590D0A00000020F09FA5C5
:10BD30008820476F6F64206578706C6F72617469DA
:10BD40006F6E20656666696369656E6379207769E1
:10BD5000746820636F6D706C657465206D617A65C1
:10BD6000206B6E6F776C656467650D0A00000000DC
:10BD700020E2AD90E2AD90E2AD9020474F4F4420DD
:10BD8000504552464F524D414E43450D0A0000006A
:10BD900020F09FA58920536F6C6964206578706CD2
:10BDA0006F726174696F6E2C20726F6F6D20666F99
:10BDB00072206F7074696D697A6174696F6E0D0AB3
:10BDC0000000000020E2AD90E2AD90204E454544D9
:10BDD00053204F5054494D495A4154494F4E0D0A32
:10BDE0000000000020F09F9484204F7665722D653E
:10BDF00078706C6F726174696F6E206465746563CE
:10BE00007465642C20696D70726F7665207365614E
:10BE1000726368207465726D696E6174696F6E0D0E
:10BE20000A0000000D0AF09F92A1204348414D50A6
:10BE3000494F4E53484950205245434F4D4D454E72
:10BE4000444154494F4E533A0D0A000020E29C856C
:10BE500020457863656C6C656E74206578706C6FD6
:10BE6000726174696F6E20656666696369656E6389
:10BE70007921204368616D70696F6E736869702005
:10BE80007265616479210D0A0000000020E29C8542
:10BE9000204F7074696D616C2070617468206B6EE6
:10BEA0006F776C6564676520636F6D706C65746532
:10BEB000210D0A0020F09F8F862052656164792051
:10BEC000666F722049454545204D6963726F6D6FFD
:10BED00075736520636F6D7065746974696F6E2129
:10BEE0000D0A000020F09F948420436F6E736964F4
:10BEF000657220736D61727465722073656172631F
:10BF000068207465726D696E6174696F6E0D0A00E8
:10BF100020F09F948420496D706C656D656E74206F
:10BF20006561726C792073746F7070696E672077C9
:10BF300068656E2063656E7465722069732066752E
:10BF40006C6C79206578706C6F7265640D0A000006
:10BF500020E29C8520476F6F642062616C616E6394
:10BF600065206F66206578706C6F726174696F6EA2
:10BF700020616E6420656666696369656E63790D2C
:10BF80000A00000020E29C852050617468206B6EDE
:10BF90006F776C6564676520697320636F6D706C83
:10BFA00065746520666F72206578706C6F72656469
:10BFB0002061726561730D0A000000003D3D3D3D4A
:10BFC0003D3D3D3D3D3D3D3D3D3D3D3D3D3D3D3DA1
:10BFD0003D3D3D3D3D3D3D3D3D3D3D3D3D3D3D3D91
:10BFE0003D3D3D3D0D0A00000D0AF09F938D204F11
:10BFF0005054494D414C2044495354414E434520EF
:10C000004D415020286578706C6F726564206172B4
:10C01000656173206F6E6C79293A0D0A000000008B
:10C0200020202000253364000D0A00002532642002
:10C0300000000000202D200020E2889E200000004B
:10C040000D0A4F7074696D616C20706174682074A2
:10C0500068726F756768206578706C6F72656420B0
:10C0600061726561733A2025642073746570730D85
:10C070000A0000000D0AE29D8C204E6F2070617452
:10C080006820666F756E64207468726F75676820CB
:10C090006578706C6F7265642061726561730D0AFA
:10C0A000000000004C6567656E643A202D203D203D
:10C0B0006E6F74206578706C6F7265642C20E288F6
:10C0C0009E203D206578706C6F7265642062757487
:10C0D00020756E726561636861626C650D0A0000AF
:10C0E0000D0AF09F8EA82056495355414C495A4994
:10C0F0004E47204F5054494D414C20504154482008
:10C100005448524F554748204558504C4F5245448B
:10C110002041524541532E2E2E0D0A00E29D8C20C7
:10C1200043616E6E6F742076697375616C697A65B0
:10C130002070617468202D206E6F2076616C6964B8
:10C14000207061746820666F756E64207468726F09
:10C15000756768206578706C6F72656420617265C0
:10C1600061730D0A00000000E29D8C204552524F81
:10C17000523A20537461727420706F736974696FDE
:10C180006E20776173206E6F74206D61726B6564D1
:10C190002061732076697369746564210D0A00005B
:10C1A0004F7074696D616C2070617468207468727E
:10C1B0006F756768206578706C6F72656420617256
:10C1C0006561733A2028302C30290000202D3E2054
:10C1D000504F534954494F4E204C4F4F50204445E7
:10C1E000544543544544210D0A000000202D3E20B3
:10C1F000424C4F434B4544206174202825642C2534
:10C200006429210D0A00000043757272656E742066
:10C2100064697374616E63653A2025640D0A0000D9
:10C220004578706C6F726564206E65696768626FCF
:10C2300072733A200000000064697225642D3E2864
:10C2400025642C25642C643D25642C763D256429C9
:10C2500020000000202D3E202825642C2564290084
:10C26000E29AA0EFB88F2050617468207472616305
:10C27000696E672073746F707065642061742073D9
:10C280006166657479206C696D69740D0A0000003F
:10C29000E29AA0EFB88F20506174682074726163D5
:10C2A000696E672073746F707065642064756520B3
:10C2B000746F20706F736974696F6E206C6F6F702C
:10C2C0000D0A0000E29C85205375636365737366F5
:10C2D000756C6C7920747261636564206F70746929
:10C2E0006D616C207061746820746F2063656E747A
:10C2F0006572210D0A000000E29C85204F70746970
:10C300006D616C20706174682076697375616C6909
:10C310007A656420284D4D53207374796C65293AF1
:10C320000D0A0000205061746820747261636564B6
:10C33000207468726F756768206578706C6F7265BD
:10C34000642063656C6C73206F6E6C790D0A00005D
:10C350002050617468206C656E6774682074726127
:10C360006365643A2025642073746570730D0A0058
:10C37000E29AA0EFB88F205761726E696E673A201B
:10C380005472616365642070617468202825642993
:10C3900020646966666572732066726F6D207468CA
:10C3A000656F7265746963616C20282564290D0AC4
:10C3B00000000000FFFFFFFFFFFFFFFFFFFFFFFF89
:10C3C000FFFFFFFFFFFFFFFFFFFFFFFFFFFFFFFF7D
:10C3D000FFFFFFFFFFFFFFFFFFFFFFFF0D0AF09FC3
:10C3E000938B2044495354414E43452056414C556C
:10C3F000455320494E204558504C4F524544204308
:10C40000454C4C532E2E2E0D0A000000E29C852038
:10C4100025642064697374616E63652076616C7550
:10C42000657320617661696C61626C6520696E205C
:10C430006578706C6F7265642063656C6C730D0A4F
:10C44000000000004E756D626572732073686F772F
:10C4500020737465707320746F2072656163682047
:10C4600063656E746572207468726F7567682065A5
:10C4700078706C6F72656420706174680D0A0000DA
:10C4800044697374616E6365206469737472696270
:10C490007574696F6E3A20006425643A2564200043
:10C4A0000D0A3D3D3D204D415A45205354415445D0
:10C4B000203D3D3D0D0A00002533642000000000B2
:10C4C000202D2D20000000000D0A0000526F626F29
:10C4D0007420506F736974696F6E3A202825642C3C
:10C4E00025642920446972656374696F6E3A20255A
:10C4F000640D0A00594553004E4F000043656E74A9
:10C50000657220526561636865643A2025730D0A7F
:10C510000000000052657475726E656420746F20AF
:10C5200053746172743A2025730D0A003D3D3D3D00
:10C530003D3D3D3D3D3D3D3D3D3D3D3D3D3D0D0A8E
:10C540000000000053454E534F5253202D204261AE
:10C5500074746572793A256420464C3A2564204605
:10C56000523A256420534C3A25642053523A2564AC
:10C570002057616C6C733A462564204C2564205228
:10C5800025640D0A00000000504F534954494F4E96
:10C59000202D20583A256420593A25642044697298
:10C5A0003A256420456E634C3A256C6420456E63E1
:10C5B000523A256C640D0A000D0A3D3D3D20504560
:10C5C00052464F524D414E4345204D4554524943EA
:10C5D00053203D3D3D0D0A004578706C6F726174CB
:10C5E000696F6E2053746570733A2025640D0A00DC
:10C5F0004578706C6F726174696F6E20456666690C
:10C600006369656E63793A20252E316625250D0A0A
:10C61000000000004F7074696D616C205061746897
:10C620002044697374616E63653A202564207374D5
:10C630006570730D0A000000526174696E673A20DC
:10C64000E2AD90E2AD90E2AD90E2AD90E2AD90202F
:10C650004348414D50494F4E53484950204C455650
:10C66000454C0D0A00000000526174696E673A2063
:10C67000E2AD90E2AD90E2AD90E2AD9020434F4D3F
:10C680005045544954494F4E2052454144590D0A92
:10C6900000000000526174696E673A20E2AD90E2DA
:10C6A000AD90E2AD9020474F4F4420504552464F49
:10C6B000524D414E43450D0A00000000526174691D
:10C6C0006E673A20E2AD90E2AD90204E454544536E
:10C6D000204F5054494D495A4154494F4E0D0A007C
:10C6E0003D3D3D3D3D3D3D3D3D3D3D3D3D3D3D3D7A
:10C6F0003D3D3D3D3D3D3D3D3D3D3D0D0A00000084
:10C70000426174746572793A20252E32665620286B
:10C710004144433A25642900202D204C4F572042A4
:10C72000415454455259205741524E494E47210DCC
:10C730000A000000202D204F4B0D0A000D0AF09F2B
:10C740008F86204348414D50494F4E534849502011
:10C750005354415449535449435320F09F8F860DFD
:10C760000A000000416C676F726974686D3A204678
:10C770006C6F6F642046696C6C202B204368616D80
:10C7800070696F6E7368697020486575726973743B
:10C790006963730D0A0000004D43553A2053544D10
:10C7A0003332463431314345553620402038344DFC
:10C7B000487A0D0A0000000053656E736F72733A79
:10C7C00020347820544546543433303020495220A8
:10C7D0002B204D505539323530204779726F0D0A74
:10C7E000000000004D6F746F72733A204452563847
:10C7F00038333320482D4272696467652077697445
:10C800006820456E636F646572730D0A0000000056
:10C81000496E7465726E6174696F6E616C205374D9
:10C82000616E646172643A2049454545204D6963F3
:10C83000726F6D6F75736520436F6D706C69616E9B
:10C84000740D0A003D3D3D3D3D3D3D3D3D3D3D3D81
:10C850003D3D3D3D3D3D3D3D3D3D3D3D3D3D3D3D08
:10C860003D3D3D3D3D3D3D3D0D0A0000E29AA0EFBE
:10C87000B88F20535049206572726F7220696E2004
:10C88000726567697374657220726561640D0A0070
:10C89000E29AA0EFB88F20535049206572726F72F0
:10C8A00020696E207265676973746572207772699A
:10C8B00074650D0A00000000496E697469616C6955
:10C8C0007A696E67204D5055393235302E2E2E0D37
:10C8D0000A0000005350492073706565643A207E59
:10C8E000312E334D487A20287265676973746572FA
:10C8F000206F7065726174696F6E73290D0A000094
:10C900004D50553932353020646574656374656403
:10C91000207375636365737366756C6C790D0A00BB
:10C920004D50553932353020646574656374696FD4
:10C930006E206661696C65642120476F74203078D1
:10C94000253032582C20657870656374656420301A
:10C9500078253032580D0A00E29C85204932432068
:10C96000696E746572666163652064697361626C87
:10C970006564202D205350492D6F6E6C79206D6FAA
:10C980006465206163746976650D0A00E29AA0EF20
:10C99000B88F205761726E696E673A204661696C84
:10C9A000656420746F2064697361626C652049322C
:10C9B0004320696E746572666163650D0A0000004C
:10C9C000436F6E66696775726174696F6E20766514
:10C9D00072696679202D205057523A3078253032CE
:10C9E00058204759524F3A30782530325820414329
:10C9F00043454C3A3078253032580D0A000000008B
:10CA0000E29C85204D50553932353020696E69746D
:10CA100069616C697A6564207375636365737366B5
:10CA2000756C6C790D0A0000E29D8C204D505539D3
:10CA300032353020636F6E66696775726174696F35
:10CA40006E20766572696669636174696F6E2066CF
:10CA500061696C65640D0A0043616E6E6F742063DA
:10CA6000616C696272617465202D206779726F2034
:10CA70006E6F7420696E697469616C697A65640DA2
:10CA80000A00000043616C6962726174696E67201C
:10CA90006779726F20626961732E2E2E204B656557
:10CAA0007020726F626F742073746174696F6E614D
:10CAB0007279210D0A0000004779726F2062696166
:10CAC000732063616C696272617465643A20583ADC
:10CAD000252E316620593A252E3166205A3A252EC8
:10CAE00031660D0A00000000E29AA0EFB88F204DD9
:10CAF000505539323530206E6F7420696E69746913
:10CB0000616C697A6564202D2063616E6E6F74209C
:10CB100072656164206779726F0D0A005350492075
:10CB20007472616E736D6974206572726F722069C0
:10CB30006E206779726F20726561640D0A000000D3
:10CB40005350492072656365697665206572726F1E
:10CB50007220696E206779726F20726561640D0AB8
:10CB600000000000E29AA0EFB88F204D50553932F6
:10CB70003530206E6F7420696E697469616C697AF2
:10CB80006564202D2063616E6E6F74207265616430
:10CB900020616363656C0D0A00000000535049205A
:10CBA0007472616E736D6974206572726F72206940
:10CBB0006E20616363656C20726561640D0A00001C
:10CBC0005350492072656365697665206572726F9E
:10CBD0007220696E20616363656C20726561640D0B
:10CBE0000A0000004F4B00004641494C45440000FC
:10CBF0004D50553932353020537461747573202D82
:10CC000020496E69743A25730D0A000057484F5F3A
:10CC1000414D5F493A3078253032582055534552BE
:10CC20005F4354524C3A3078253032582050575296
:10CC30005F4D474D543A3078253032580D0A000088
:10CC40004932432064697361626C65643A20E29CF6
:10CC5000850D0A004932432064697361626C656422
:10CC60003A20E29D8C0D0A004779726F20583A25D0
:10CC70006420593A2564205A3A252E3166C2B02FD5
:10CC8000730D0A00416363656C20583A256420598E
:10CC90003A2564205A3A25640D0A0000E29D8C2052
:10CCA000435249544943414C3A204779726F736368
:10CCB0006F706520696E697469616C697A61746905
:10CCC0006F6E206661696C6564210D0A00000000CA
:10CCD000E29D8C20435249544943414C3A20416CD7
:10CCE0006C2073656E736F72732072656164696E18
:10CCF00067207A65726F202D204144432066616968
:10CD00006C757265210D0A00E29AA0EFB88F20576A
:10CD100041524E494E473A20456E636F64657273C7
:10CD2000206D6179206E6F7420626520776F726B61
:10CD3000696E670D0A0000004368616D70696F6E6F
:10CD400073686970204D6963726F6D6F75736520CC
:10CD50005265616479210D0A00000000507265730C
:10CD60007320627574746F6E20746F2073746172B7
:10CD700074206578706C6F726174696F6E2E2E2EE0
:10CD80000D0A00005374617274696E67206D617AD8
:10CD900065206578706C6F726174696F6E2E2E2ECF
:10CDA0000D0A00005374617274696E67206E6577B6
:10CDB000206368616D70696F6E7368697020657853
:10CDC000706C6F726174696F6E2E2E2E0D0A0000EA
:10CDD0004368616D70696F6E7368697020737973F1
:10CDE00074656D2072657365740D0A004C65667418
:10CDF00020627574746F6E20707265737365640D54
:10CE00000A000000526967687420627574746F6E5E
:10CE100020707265737365640D0A00004368616D6C
:10CE200070696F6E73686970206D6963726F6D6F82
:10CE30007573652073797374656D20696E697469A3
:10CE4000616C697A65640D0A0000000042617365D7
:10CE500064206F6E204D4D53206368616D70696F63
:10CE60006E7368697020616C676F726974686D7346
:10CE70000D0A00004368616D70696F6E73686970B8
:10CE8000206D617A6520696E697469616C697A6583
:10CE900064207769746820626F756E6461727920AE
:10CEA00077616C6C730D0A005175657565206F763E
:10CEB0006572666C6F77210D0A0000004368616D32
:10CEC00070696F6E7368697020666C6F6F6420663E
:10CED000696C6C3A20256420757064617465730D0B
:10CEE0000A00000057616C6C732075706461746592
:10CEF00064206174202825642C25642920463A2565
:10CF000064204C3A256420523A25640D0A00000042
:10CF100046726F6E742077616C6C20646574656313
:10CF20007465642C2063616E6E6F74206D6F76651E
:10CF30000D0A00005374617274696E672063686142
:10CF40006D70696F6E73686970206578706C6F7250
:10CF50006174696F6E0D0A00537465702025643A20
:10CF600020526F626F74206174202825642C256420
:10CF7000290D0A0043454E5445522052454143482D
:10CF800045442120537769746368696E6720746F24
:10CF90002072657475726E206D6F64650D0A0000F5
:10CFA00052455455524E454420544F2053544152FB
:10CFB0005421204578706C6F726174696F6E2063C4
:10CFC0006F6D706C657465210D0A00004368616DBA
:10CFD00070696F6E736869702064697265637469E3
:10CFE0006F6E3A2025640D0A000000004D6F7665D3
:10CFF0006D656E7420626C6F636B6564202D2074A8
:10D000007279696E6720616C7465726E617469769D
:10D0100065730D0A00000000416C6C206469726544
:10D020006374696F6E7320626C6F636B6564210D4E
:10D030000A0000004578706C6F726174696F6E2031
:10D04000636F6D706C6574656420696E2025642063
:10D050006D6F7665730D0A000D0A4578706C6F72FE
:10D060006174696F6E207375636365737366756C45
:10D0700021205374617274696E6720706174682036
:10D08000616E616C797369732E2E2E0D0A0000009B
:10D090004578706C6F726174696F6E20696E636F32
:10D0A0006D706C657465202D207061746820616EF0
:10D0B000616C79736973206E6F7420617661696C3D
:10D0C00061626C650D0A00000D0A3D3D3D2043483C
:10D0D000414D50494F4E53484950205041544820EB
:10D0E000414E414C59534953203D3D3D0D0A0000EE
:10D0F0000D0AF09F8EAF204348414D50494F4E538B
:10D1000048495020414E414C5953495320434F4DBB
:10D11000504C455445210D0A000000004F707469C1
:10D120006D616C2070617468207468726F756768D7
:10D13000206578706C6F7265642061726561733A06
:10D14000202564207374657073210D0A00000000AF
:10D15000E29C8520526561647920666F72204945A2
:10D160004545204D6963726F6D6F75736520636F00
:10D170006D7065746974696F6E210D0A000000009E
:10D18000E29D8C204E6F2076616C69642070617422
:10D190006820666F756E64207468726F75676820AA
:10D1A0006578706C6F7265642061726561730D0AD9
:10D1B000000000004368616D70696F6E736869708C
:10D1C000206D6963726F6D6F75736520726573652D
:10D1D0007420746F20696E697469616C2073746166
:10D1E00074650D0A000000000D0AF09F9A8020432C
:10D1F00048414D50494F4E534849502053504545A2
:10D20000442052554E204D4F4445210D0A00000048
:10D210005573696E67204D4D53206F7074696D6151
:10D220006C207061746820616E616C797369730D34
:10D230000A0000000D0AF09F9A8020535045454493
:10D240002052554E204D4F444520414354495641AC
:10D25000544544210D0A0000E29D8C205370656501
:10D26000642072756E206E6F7420617661696C61E6
:10D27000626C65202D206578706C6F726174696FC7
:10D280006E206E6F7420636F6D706C6574650D0A2F
:10D29000000000005573696E67206368616D7069F6
:10D2A0006F6E7368697020616C676F726974686D06
:10D2B0007320666F72206F7074696D616C2073707B
:10D2C0006565642072756E0D0A000000507265730A
:10D2D0007320524947485420627574746F6E2074ED
:10D2E0006F2065786563757465207370656564206B
:10D2F00072756E2E2E2E0D0A00000000E28FB020F7
:10D3000053706565642072756E2063616E63656C31
:10D310006C6564202D2074696D656F75740D0A004D
:10D32000F09F8F8120455845435554494E4720531F
:10D33000504545442052554E210D0A0053706565F5
:10D34000642072756E206D6F766520256420746F81
:10D35000202825642C2564290D0A0000E29D8C20DC
:10D3600053706565642072756E20626C6F636B65C7
:10D3700064210D0A00000000F09F8F81205350456A
:10D3800045442052554E2053554343455353210D98
:10D390000A000000436F6D706C6574656420696EEF
:10D3A000202564206D6F7665730D0A00E29AA0EF68
:10D3B000B88F2053706565642072756E20696E6346
:10D3C0006F6D706C6574650D0A00000043616E6ED0
:10D3D0006F74206D6F7665202D20776F756C6420DB
:10D3E000676F206F7574206F6620626F756E64734F
:10D3F000210D0A0054657374696E67206D6F746F38
:10D40000727320696E646976696475616C6C792EDB
:10D410002E2E0D0A000000004C656674206D6F749E
:10D420006F7220666F72776172642E2E2E0D0A0065
:10D430004C656674206D6F746F72207265766572CC
:10D4400073652E2E2E0D0A005269676874206D6F69
:10D45000746F7220666F72776172642E2E2E0D0AC1
:10D46000000000005269676874206D6F746F72204D
:10D47000726576657273652E2E2E0D0A000000000F
:10D480004D6F746F72207465737420636F6D706C70
:10D49000657465210D0A0000456E636F64657273E3
:10D4A000202D204C6566743A256C642052696768AB
:10D4B000743A256C64205261775F4C3A256420529F
:10D4C00061775F523A25640D0A0000003D3D3D2022
:10D4D000454E434F444552204445425547203D3D2B
:10D4E0003D0D0A0054494D3220636C6F636B3A2046
:10D4F000454E41424C45440D0A00000054494D320E
:10D5000020636C6F636B3A2044495341424C45445D
:10D510000D0A000054494D3420636C6F636B3A2050
:10D52000454E41424C45440D0A00000054494D34DB
:10D5300020636C6F636B3A2044495341424C45442D
:10D540000D0A000054494D32207265676973746595
:10D550007273202D204352313A30782530385820CC
:10D56000534D43523A3078253038580D0A000000A8
:10D5700054494D3420726567697374657273202D48
:10D58000204352313A30782530385820534D435299
:10D590003A3078253038580D0A000000546573740D
:10D5A000696E67206D616E75616C20656E636F6476
:10D5B000657220696E6372656D656E742E2E2E0D18
:10D5C0000A00000054494D3220434E543A2025644D
:10D5D0002C2054494D3420434E543A2025640D0AE2
:10D5E000000000000D0AF09F948420454E434F44F4
:10D5F000455220524F544154494F4E2054455354A4
:10D600000D0A00004D616E75616C6C7920726F744B
:10D61000617465206561636820776865656C206169
:10D620006E642077617463682074686520636F7529
:10D630006E74733A0D0A0000496E697469616C205A
:10D6400076616C75657320736574202D2054494D87
:10D65000323A20313030302C2054494D343A203287
:10D660003030300D0A0000004E6F77206D616E750E
:10D67000616C6C7920726F746174652074686520C8
:10D68000776865656C732E2E2E0D0A00542B256469
:10D69000733A20526177204C3A256420523A25642F
:10D6A000207C20546F74616C204C3A256C642052AD
:10D6B0003A256C640D0A0000526F746174696F6ED4
:10D6C000207465737420636F6D706C657465210DD3
:10D6D0000A00000043616C6962726174696E6720C0
:10D6E00073656E736F72732E2E2E0D0A000000008C
:10D6F00053656E736F722063616C696272617469E5
:10D700006F6E20636F6D706C6574650D0A000000AC
:10D71000000000000100000000000000FFFFFFFF0C
:10D720000100000000000000FFFFFFFF00000000FC
:10D7300007000000070000000800000008000000CB
:10D7400000000000000000000102030406070809B1
:10D750000000000001020304494E4600696E6600A5
:10D760004E414E006E616E00300030313233343540
:10D77000363738394142434445460030313233343C
:10D78000353637383961626364656600496E6669AB
:10D790006E697479004E614E005245454E54206DBD
:10D7A000616C6C6F632073756363656564656400A9
:10D7B0002F6275696C642F676E752D746F6F6C7353
:10D7C0002D666F722D73746D33325F31332E332EAD
:10D7D00072656C312E32303234303932362D313779
:10D7E00031352F7372632F6E65776C69622F6E65AA
:10D7F000776C69622F6C6962632F7374646C696201
:10D800002F64746F612E630042616C6C6F632073D0
:10D810007563636565646564002F6275696C642F68
:10D82000676E752D746F6F6C732D666F722D7374C8
:10D830006D33325F31332E332E72656C312E3230C0
:10D840003234303932362D313731352F7372632F00
:10D850006E65776C69622F6E65776C69622F6C6993
:10D8600062632F7374646C69622F6D707265632ECE
:10D870006300232D302B2000686C4C0065666745E3
:10D880004647004300504F534958002E002C206655
:10D89000756E6374696F6E3A20006173736572749C
:10D8A000696F6E2022257322206661696C65643A77
:10D8B0002066696C6520222573222C206C696E65B8
:10D8C000202564257325730A000000000500000070
:10D8D000190000007D0000000080E03779C341435B
:10D8E000176E05B5B5B89346F5F93FE9034F384DC6
:10D8F000321D30F94877825A3CBF737FDD4F157572
:10D90000000000000000F03F000000000000244084
:10D9100000000000000059400000000000408F405F
:10D92000000000000088C34000000000006AF840CA
:10D930000000000080842E4100000000D0126341EE
:10D940000000000084D797410000000065CDCD4164
:10D95000000000205FA00242000000E87648374245
:10D96000000000A2941A6D42000040E59C30A242E3
:10D970000000901EC4BCD64200003426F56B0C4358
:10D980000080E03779C3414300A0D88557347643FF
:10D9900000C84E676DC1AB43003D9160E458E14360
:10D9A000408CB5781DAF154450EFE2D6E41A4B44D5
:10D9B00092D54D06CFF08044F64AE1C7022DB5441A
:10D9C000B49DD9794378EA440020202020202020EB
:10D9D000202028282828282020202020202020201F
:10D9E000202020202020202020881010101010102F
:10D9F000101010101010101010040404040404047B
:10DA00000404041010101010101041414141414114
:10DA100001010101010101010101010101010101F6
:10DA20000101010110101010101042424242424206
:10DA300002020202020202020202020202020202C6
:10DA4000020202021010101020000000000000006E
:10DA500000000000000000000000000000000000C6
:10DA600000000000000000000000000000000000B6
:10DA700000000000000000000000000000000000A6
:10DA80000000000000000000000000000000000096
:10DA90000000000000000000000000000000000086
:10DAA0000000000000000000000000000000000076
:10DAB0000000000000000000000000000000000066
:0CDAC0000000000000000000000000005A
:08DACC001427FF7F0100000098
:04DAD400C501000880
:04DAD800A1010008A0
:10DADC0000800080010000000024F4001000000011
:10DAEC00010000000000000003000000781400207A
:10DAFC00240000200000000078140020E014002016
:10DB0C00481500200000000000000000000000008C
:10DB1C0000000000000000000000000000000000F9
:10DB2C0000000000000000000000000000000000E9
:10DB3C0000000000000000000000000000000000D9
:10DB4C004300000000000000000000000000000086
:10DB5C0000000000000000000000000000000000B9
:10DB6C004300000000000000000000000000000066
:10DB7C000000000000000000000000000000000099
:10DB8C004300000000000000000000000000000046
:10DB9C000000000000000000000000000000000079
:10DBAC004300000000000000000000000000000026
:10DBBC000000000000000000000000000000000059
:10DBCC004300000000000000000000000000000006
:10DBDC000000000000000000000000000000000039
:10DBEC0043000000000000000000000000000000E6
:10DBFC000000000000000000000000000000000019
:10DC0C0043000000000000000000000000000000C5
:10DC1C0000000000000000000000000000000000F8
:10DC2C00F1B3000871B3000800000000C8D9000867
:10DC3C008BD80008C8D80008C8D80008C8D8000875
:10DC4C00C8D80008C8D80008C8D80008C8D8000828
:10DC5C00C8D80008C8D80008FFFFFFFFFFFFFFFF70
:10DC6C00FFFFFFFFFFFF0000010041534349490044
:10DC7C000000000000000000000000000000000098
:10DC8C00000000000000000000004153434949001F
:10DC9C000000000000000000000000000000000078
:0CDCAC000000000000000000000000006C
:040000050800456D3D
=======
:100F0000184602F05DFB2AE0FB88164A92FBF3F3D9
:100F1000FB60FB68B3F5803F02D34FF6FF73FB60C5
:100F2000FB68132B01D81423FB600F4B1B68FA6876
:100F3000013ADA62FB68013B0B4AD3600A4B1B683B
:100F4000FA685208DA630821074804F095FDBB8867
:100F5000184602F035FB0821034804F03DFE103727
:100F6000BD4680BD00093D00DC02002080B500AF19
:100F70000821024804F030FE00BF80BDDC020020E2
:100F800080B500AFC82140F20B20FFF7ABFF322144
:100F90000020FFF7A7FFC82140F29320FFF7A2FF30
:100FA00032210020FFF79EFF4FF496714FF44470FA
:100FB000FFF798FF00BF80BD80B582B000AF7860BA
:100FC0007868FFF75DF903469AB24FF47A7379684F
:100FD000034805F03BFE00BF0837BD4680BD00BF9B
:100FE000FC0300200FB480B5C2B000AF07F58A72D1
:100FF00007F58473A3F582731A6007F58473A3F56C
:10100000827307F108001B68D7F810214FF4807134
:1010100007F06EFB07F108031846FFF7CDFF00BF8E
:1010200007F58477BD46BDE8804004B070470000F6
:1010300080B584B000AF0346FB71FB7963F07F039A
:10104000DBB27B7300233B7300224FF480511748BF
:1010500003F0F4F907F10D0164230122144803F0B1
:101060001AFF0346FB7307F10C01642301221048A9
:1010700004F055F80346BB7301224FF480510B482E
:1010800003F0DCF9FB7B002B02D1BB7B002B07D0EC
:101090000848FFF791FF084B00221A70FF2300E079
:1010A0003B7B18461037BD4680BD00BF00040240A0
:1010B0008402002020A900082402002080B584B00A
:1010C00000AF03460A46FB711346BB71FB793B73C5
:1010D000BB797B7300224FF48051114803F0AEF9C5
:1010E00007F10C01642302220E4803F0D4FE0346EC
:1010F000FB7301224FF48051094803F09FF9FB7BF9
:10110000002B05D00848FFF757FF084B00221A7044
:10111000012002F055FA00BF1037BD4680BD00BF68
:10112000000402408402002044A900082402002098
:1011300080B582B000AF3C48FFF73EFFC82002F008
:101140003FFA80216B20FFF7B9FFFA2002F038FA4E
:1011500000216B20FFF7B2FF322002F031FA0121AB
:101160006B20FFF7ABFF322002F02AFA00216C203F
:10117000FFF7A4FF0A2002F023FA6A20FFF758FFC6
:101180000346FB71FB7943F01003FB71FB791946B1
:101190006A20FFF793FF0A2002F012FA04211920B7
:1011A000FFF78CFF0A2002F00BFA02211A20FFF74A
:1011B00085FF0A2002F004FA08211B20FFF77EFFBA
:1011C0000A2002F0FDF908211C20FFF777FF0A2012
:1011D00002F0F6F902211D20FFF770FF0A2002F04D
:1011E000EFF97520FFF724FF0346BB71BB79194661
:1011F0000E48FFF7F7FEBB79702B09D0BB79194673
:101200000B48FFF7EFFE0B4B00221A70002306E09D
:101210000948FFF7D1FE074B01221A700123184637
:101220000837BD4680BD00BF6CA9000898A900081A
:10123000ACA9000824020020D4A900082DE9B0437D
:1012400088B004AF4E4B1B7883F00103DBB2002B58
:1012500003D04C48FFF7B0FE8EE04B48FFF7ACFEE2
:101260004A4B4FF47A721A614FF00003FB604FF063
:101270000003BB604FF000037B6000233B602EE067
:1012800000F08AF8424BB3F9003007EE903AF8EEDE
:10129000E77A97ED037A77EE277AC7ED037A3C4B2E
:1012A000B3F9023007EE903AF8EEE77A97ED027A5A
:1012B00077EE277AC7ED027A354BB3F9043007EEA3
:1012C000903AF8EEE77A97ED017A77EE277AC7ED54
:1012D000017A032002F074F93B6801333B602B4B29
:1012E0001A693B689A42CBD8284B1B6907EE903AA3
:1012F000B8EE677AD7ED036AC6EE877A234BC3ED63
:10130000007A224B1B6907EE903AB8EE677AD7ED68
:10131000026AC6EE877A1D4BC3ED017A1B4B1B692F
:1013200007EE903AB8EE677AD7ED016AC6EE877A93
:10133000164BC3ED027A154B01221A73134B1B682F
:101340001846FFF709F980468946104B5B68184636
:10135000FFF702F904460D460C4B9B681846FFF751
:10136000FBF802460B46CDE90223CDE90045424693
:101370004B460848FFF736FE1037BD46BDE8B08340
:1013800024020020E8A9000814AA0008280200206E
:101390006814002048AA000880B584B000AF2F4B25
:1013A0001B7883F00103DBB2002B03D02C48FFF73E
:1013B00003FE50E0C323FB7100224FF48051294803
:1013C00003F03CF8F91D64230122274803F063FD74
:1013D0000346FB73FB7B002B09D001224FF48051A5
:1013E000204803F02BF82148FFF7E6FD33E007F132
:1013F0000801642306221C4803F091FE0346FB7398
:1014000001224FF48051174803F018F8FB7B002BA2
:1014100003D01748FFF7D0FD1DE03B7A1BB21B023B
:101420001AB27B7A1BB213431AB2124B1A80BB7AE0
:101430001BB21B021AB2FB7A1BB213431AB20D4B3A
:101440005A803B7B1BB21B021AB27B7B1BB213433D
:101450001AB2084B9A801037BD4680BD2402002086
:1014600078AA00080004024084020020ACAA000808
:10147000D0AA00086814002080B500AF2848FFF704
:101480009BFD0021274804F0F7FA0421254804F0C9
:10149000F3FA0821234804F0EFFA0C21214804F064
:1014A000EBFA01224FF400511F4802F0C7FF00F091
:1014B00079FC01F067FBFFF73BFE0346002B0FD0E2
:1014C0001A48FFF779FD1A48FFF776FD4FF4FA60E6
:1014D00002F076F8FFF7B2FE1648FFF76DFD02E066
:1014E0001548FFF769FD00F05DFE642002F068F822
:1014F00000F044FE0346002B08D100F049FE0346ED
:10150000002B03D10D48FFF757FD02E00C48FFF711
:1015100053FD00F0DFFC0B48FFF74EFD00BF80BD20
:101520002CAC00086C0300200008024060AC0008EE
:1015300094AC0008CCAC0008ECAC000828AD000866
:1015400060AD00088CAD000880B582B000AF01F03E
:10155000C5FF00F04BF800F043FB00F0AFF800F0DF
:10156000FFF800F033F900F0D1F900F0BBFA00F019
:101570000DFB00F01FFA03F0D1FB0346184600F004
:1015800083FCFFF779FFFFF7FBFC01F05BFF1148DD
:10159000FFF712FD1048FFF70FFD1048FFF70CFD95
:1015A0000F48FFF709FD01F0FFFF03460D4A1360E6
:1015B00001F0FAFF03460C4A136000237B6040F2FF
:1015C0003A233B6000F0F8FE322000F03BFC00BF05
:1015D000F8E700BF2CAF000854AF000878AF000850
:1015E000A0AF0008901400209414002080B594B09F
:1015F00000AF07F1200330220021184607F086F8DB
:1016000007F10C0300221A605A609A60DA601A61CE
:101610000023BB60274B1B6C264A43F080531364A6
:10162000244B1B6C03F08053BB60BB6800237B60C2
:10163000214B1B68204A43F4404313601E4B1B6838
:1016400003F440437B607B6802233B620123FB621F
:1016500010233B630223BB630023FB6310233B6423
:10166000A8237B640223BB640423FB6407F12003EB
:10167000184602F02FFF0346002B01D000F0CEFBEE
:101680000F23FB6002233B6100237B614FF48053F7
:10169000BB610023FB6107F10C030221184603F034
:1016A00091F90346002B01D000F0B8FB00BF503782
:1016B000BD4680BD003802400070004080B584B057
:1016C00000AF3B4600221A605A609A60DA60214BF4
:1016D000214A1A601F4B4FF480325A601D4B002282
:1016E0009A601C4B00221A611A4B00221A76194B81
:1016F000002283F82020174B0022DA62154B174A8C
:101700009A62144B0022DA60124B0122DA61114B0B
:10171000002283F830200F4B01225A610D4801F05E
:1017200073FF0346002B01D000F078FB00233B60E1
:1017300001237B600423BB603B461946054802F049
:1017400027F90346002B01D000F068FB00BF1037DB
:10175000BD4680BD3C020020002001400100000F7A
:1017600080B500AF174B184A1A60164B4FF48272BF
:101770005A60144B00229A60124B0022DA60114B1F
:1017800000221A610F4B00225A610E4B4FF4007277
:101790009A610C4B3022DA610A4B00221A62094B23
:1017A00000225A62074B00229A62064B0A22DA6232
:1017B000044803F0E7FA0346002B01D000F02EFBAB
:1017C00000BF80BD840200200038004080B596B084
:1017D00000AF07F1480300221A605A609A60DA608D
:1017E00007F1400300221A605A6007F12403002227
:1017F0001A605A609A60DA601A615A619A613B1DF8
:1018000020220021184606F081FF3E4B3E4A1A6016
:101810003C4B14225A603B4B00229A60394BC82241
:10182000DA60384B00221A61364B00225A61354B80
:1018300080229A61334804F077F80346002B01D0E8
:1018400000F0ECFA4FF48053BB6407F148031946EB
:101850002C4804F00BFD0346002B01D000F0DEFA0B
:10186000284804F0B0F80346002B01D000F0D6FA67
:1018700000233B6400237B6407F1400319462148A1
:1018800005F0C0F80346002B01D000F0C7FA602332
:101890007B626423BB620023FB6200233B63002363
:1018A0007B630023BB630023FB6307F1240308224F
:1018B0001946144804F018FC0346002B01D000F030
:1018C000ADFA00237B600023BB600023FB60002394
:1018D0003B6100237B614FF40053BB6100233B62FB
:1018E0003B1D1946074805F0FBF80346002B01D0C5
:1018F00000F094FA034801F087FB00BF5837BD465B
:1019000080BD00BFDC0200200000014080B58CB02B
:1019100000AF07F10C0324220021184606F0F6FE62
:101920003B1D00221A605A60214B4FF080421A6022
:101930001F4B00225A601E4B00229A601C4B4FF630
:10194000FF72DA601A4B00221A61194B80229A61E9
:101950000323FB6000233B6101237B610023BB6108
:101960000023FB6100233B6201237B620023BB62F7
:101970000023FB6207F10C0319460D4804F090F9AF
:101980000346002B01D000F049FA00237B600023BE
:10199000BB603B1D1946064805F034F80346002B92
:1019A00001D000F03BFA00BF3037BD4680BD00BF1C
:1019B0002403002080B58EB000AF07F12803002279
:1019C0001A605A609A60DA6007F1200300221A60F8
:1019D0005A603B1D00221A605A609A60DA601A61F0
:1019E0005A619A613D4B3E4A1A603C4B04225A6050
:1019F0003A4B00229A60394B40F24632DA60374B5C
:101A000000221A61354B80229A61344803F08CFF22
:101A10000346002B01D000F001FA4FF48053BB6263
:101A200007F1280319462D4804F020FC0346002B3B
:101A300001D000F0F3F9294803F0C5FF0346002B5D
:101A400001D000F0EBF900233B6200237B6207F139
:101A500020031946214804F0D5FF0346002B01D08E
:101A600000F0DCF960237B600023BB600023FB6097
:101A700000237B613B1D00221946184804F034FB0B
:101A80000346002B01D000F0C9F93B1D0422194682
:101A9000124804F029FB0346002B01D000F0BEF9E8
:101AA0003B1D082219460D4804F01EFB0346002B7F
:101AB00001D000F0B3F93B1D0C221946074804F091
:101AC00013FB0346002B01D000F0A8F9034801F0F6
:101AD0009BFA00BF3837BD4680BD00BF6C030020B5
:101AE0000004004080B58CB000AF07F10C03242245
:101AF0000021184606F00AFE3B1D00221A605A60BB
:101B0000204B214A1A601F4B00225A601D4B0022B5
:101B10009A601C4B4FF6FF72DA601A4B00221A6172
:101B2000184B80229A610323FB6000233B61012351
:101B30007B610023BB610023FB6100233B62012327
:101B40007B620023BB620023FB6207F10C03194692
:101B50000C4804F0A5F80346002B01D000F05EF914
:101B600000237B600023BB603B1D1946054804F041
:101B700049FF0346002B01D000F050F900BF303779
:101B8000BD4680BDB40300200008004080B500AF12
:101B9000114B124A1A60104B4FF416525A600E4BFA
:101BA00000229A600C4B0022DA600B4B00221A6173
:101BB000094B0C225A61084B00229A61064B002205
:101BC000DA61054804F0F2FF0346002B01D000F073
:101BD00025F900BF80BD00BFFC03002000140140B8
:101BE00080B588B000AF07F10C0300221A605A607C
:101BF0009A60DA601A610023BB604B4B1B6B4A4A48
:101C000043F004031363484B1B6B03F00403BB60F6
:101C1000BB6800237B60444B1B6B434A43F00103CA
:101C20001363414B1B6B03F001037B607B68002354
:101C30003B603D4B1B6B3C4A43F0020313633A4B42
:101C40001B6B03F002033B603B6800224FF4005122
:101C5000364802F0F3FB002241F23031344802F002
:101C6000EDFB00224FF44071324802F0E7FB4FF4E5
:101C70000053FB6001233B6100237B610023BB61B8
:101C800007F10C031946294802F054FA0223FB60BD
:101C90004FF488133B6100237B6107F10C03194665
:101CA000244802F047FA4FF48063FB604FF4881336
:101CB0003B6100237B6107F10C0319461C4802F0CD
:101CC00039FA41F23033FB6001233B6100237B6131
:101CD0000023BB6107F10C031946154802F02AFAEC
:101CE0004FF44073FB6001233B6100237B610023C1
:101CF000BB6107F10C0319460E4802F01BFA0022E3
:101D00000521072002F04DF9072002F066F90022B4
:101D10000521282002F045F9282002F05EF900BFD5
:101D20002037BD4680BD00BF003802400008024099
:101D3000000402400000024080B584B000AF0346BA
:101D4000FB8001F031FCF860114B1B68FA68D31A74
:101D5000C82B19D9FB88022B09D10E4B01221A700E
:101D60000D4B01221A700D48FFF726F909E0FB8898
:101D7000B3F5806F05D1074B02221A700848FFF7B0
:101D80001BF9034AFB68136000BF1037BD4680BDD6
:101D9000981400208C1400208D140020BCAF000883
:101DA000D4AF000880B586B000AF3B1D00221A609A
:101DB0005A609A60DA601A6101237B600323BB607A
:101DC0000023FB603B1D1946124802F0B3F90423BF
:101DD0007B603B1D19460F4802F0ACF908237B607D
:101DE0003B1D19460B4802F0A5F910237B603B1DF3
:101DF0001946084802F09EF920237B603B1D1946D6
:101E0000044802F097F90448FFF7D6F800BF1837E6
:101E1000BD4680BD00000240ECAF000880B500AFB9
:101E200072B600BF1021064802F021FB20210448B1
:101E300002F01DFB642001F0C3FB00BFF2E700BF0E
:101E40000004024080B485B000AF78600C4B5B6842
:101E5000FB600C4B1A687B6802FB03F3BB6000E07D
:101E600000BF074B5A68FB68D31ABA689A42F7D882
:101E700000BF00BF1437BD465DF8047B704700BF4C
:101E8000001000E09C14002080B483B000AF7860A4
:101E90000C4BDB680B4A43F08073D3600A4B1B6822
:101EA000094A43F0010313607B68084AA2FB03233D
:101EB0009B0C074A136000BF0C37BD465DF8047BDE
:101EC000704700BFF0ED00E0001000E083DE1B4330
:101ED0009C14002080B586B002AF5A48FFF76CF81A
:101EE0000023FB603EE00023BB6035E05649FB6801
:101EF0001A01BB6813441B010B4442F20F721A60B3
:101F00005149FB681A01BB6813441B010B4404339D
:101F100000221A704C49FB681A01BB6813441B016C
:101F20000B440C3300221A6000237B600EE046490C
:101F3000FB681A01BB6813441B01CA187B68134471
:101F4000053300221A707B6801337B607B68032BAA
:101F5000EDDDBB680133BB60BB680F2BC6DDFB68E2
:101F60000133FB60FB680F2BBDDD00233B601FE0EE
:101F7000354A3B681B021344073301221A70324A68
:101F80003B681B021344F53301221A702E4A3B684A
:101F90001B011344083301221A702B4A3B681B01B2
:101FA000134403F6067301221A703B6801333B6049
:101FB0003B680F2BDCDD254B07221A60244B0722E0
:101FC0001A60244B08221A60234B08221A60234B04
:101FD00000221A60214B00225A60204B00229A6096
:101FE0001E4B00221A731D4B00225A731B4B0022FA
:101FF0001A61154B01221A71134B0122DA60184B3A
:1020000000221A60174B00221A6010221021164875
:10201000FEF7E8FF0D4B19680D4B1A680D4B186859
:102020000D4B1B68009303461048FEF7DBFF10487A
:10203000FEF7C2FF0F48FEF7BFFF00BF1037BD46D7
:1020400080BD00BF14B0000844040020A01400208C
:10205000A4140020A8140020AC1400204414002074
:10206000B0140020B414002040B0000854B00008A0
:1020700074B00008A4B0000880B485B000AF87ED4C
:10208000030AC7ED020A87ED011A97ED037AD7ED2F
:10209000027AB4EEE77AF1EE10FA01D5BB680BE0F4
:1020A00097ED037AD7ED017AB4EEE77AF1EE10FA04
:1020B00001DD7B6800E0FB6807EE903AB0EE670A4E
:1020C0001437BD465DF8047B704780B485B000AF1F
:1020D000F860B9607A60FA68BB689A4205DBFA6812
:1020E0007B689342A8BF134600E0BB6818461437CC
:1020F000BD465DF8047B704780B483B000AF194BD8
:102100001B685B6AFB80184B1B685B6ABB80174BC4
:102110001B88FA88D31A9BB27B80154B1B88BA8820
:10212000D31A9BB23B803B885B429BB23B80B7F9A2
:102130000220104B1B6813440E4A1360B7F90020AD
:102140000D4B1B6813440C4A1360084AFB8813802C
:10215000074ABB88138000BF0C37BD465DF8047B7F
:10216000704700BF24030020B403002000000020BB
:1021700002000020B8140020BC14002080B500AF7D
:10218000FFF7BAFF014B1B68184680BDB81400204A
:1021900080B500AFFFF7B0FF014B1B68184680BD4C
:1021A000BC14002080B500AF3C21154803F01EFE92
:1021B0003C21144803F01AFE114B1B684FF40042F7
:1021C0005A62104B1B684FF400425A62012001F022
:1021D000F7F90D4B4FF400421A800C4B4FF40042BC
:1021E0001A800B4B00221A600A4B00221A600A4B1D
:1021F00000229A60084B0022DA6000BF80BD00BF59
:10220000B40300202403002000000020020000206E
:10221000B8140020BC1400207C14002080B584B0C9
:1022200000AF0346FB710B46BB711346BB80FB79C5
:10223000002B15D1BB79002B08D0174B1B68BA882F
:102240005A63154B1B6800229A6320E0124B1B68EF
:10225000BA889A6300224021104802F0EFF816E095
:10226000BB79FB73FB7B002B09D00B4B1B68BA8837
:102270001A64002201210A4802F0E0F807E0064B48
:102280001B6800221A64044B1B68BA88DA6300BF1B
:102290001037BD4680BD00BF6C0300200000024027
:1022A0000004024080B487B000AFF860B9607A6083
:1022B0003B60BB681B68FA689A4203DB7B68D3ED1E
:1022C000007A72E03B6803F18043013B9B00BA68EF
:1022D00013441B68FA689A4209DC3B6803F18043A7
:1022E000013B9B007A681344D3ED007A5DE0002344
:1022F0007B6150E07B699B00BA6813441B68FA68F5
:102300009A4245DC7B6901339B00BA6813441B6821
:10231000FA689A423CDB7B6901339B00BA6813443C
:102320001B68FA68D31A07EE903AF8EEE76A7B6901
:102330009B00BA6813441A687B6901339B00B96833
:102340000B441B68D31A07EE903AB8EEE77AC6EE54
:10235000877AC7ED047A7B6901339B007A6813445E
:1023600093ED007A7B699B007A681344D3ED006A91
:102370007B6901339B007A681344D3ED007A76EED3
:10238000E76AD7ED047A66EEA77A77EE277A0CE053
:102390007B6901337B613B68013B7A699A42A9DB27
:1023A000FB6807EE903AF8EEE77AB0EE670A1C3762
:1023B000BD465DF8047B704780B58EB000AF00F07D
:1023C00009FA01F0F1F83862B74B1B683A6AD31A80
:1023D00007EE903AB8EE677ADFEDB46AC7EE267A78
:1023E000C7ED0D7AD7ED0D7AF5EEC07AF1EE10FA61
:1023F00001D8AF4B7B63AC4A3B6A1360AD4BDB7AD1
:10240000FB77AC4B1B7BBB77AA4B9B7A7B77AA4BAA
:102410001B78002B1AD1FB7F002B06D0BB7F002B33
:1024200003D0A54B00221A7010E0FB7F002B03D0D5
:10243000A14B01221A7009E0BB7F002B03D09E4BF9
:1024400002221A7002E09C4B00221A704FF0000327
:102450003B63FB7F002B24D0BB7F002B21D0954B0F
:10246000DB8818462023954A9549FFF71BFF87ED27
:10247000060A904B9B8818462123924A9249FFF7FF
:1024800011FF87ED050A97ED067AD7ED057A37EE4D
:10249000677A8E4BD3ED007A67EE277AC7ED0C7A18
:1024A00030E0FB7F002B13D0824BDB8818462023C3
:1024B000824A8349FFF7F6FE87ED030A844B93EDCA
:1024C000007AD7ED037A77EE677AC7ED0C7A19E0D8
:1024D000BB7F002B13D0774B9B8818462123794A6A
:1024E0007949FFF7DFFE87ED040A7A4BD3ED007AD6
:1024F00097ED047A77EE677AC7ED0C7A02E04FF039
:1025000000033B6397ED0C7AD7ED0D7A27EE277A1F
:10251000714BD3ED007A77EE277A6F4BC3ED007ADB
:102520006D4B93ED007A6D4BD3ED007AF1EE677A47
:102530006A4BD3ED006AB0EE661AF0EE670AB0EEB1
:10254000470AFFF799FDF0EE407A634BC3ED007A3E
:10255000634BD3ED007A97ED0C7A77EE676A97EDCF
:102560000D7AC6EE877AC7ED027A5E4B93ED007A5C
:102570005D4BD3ED007A27EE277A5A4BD3ED007AE4
:10258000F7EE006A76EEE76AD7ED027A66EEA77A92
:1025900077EE277A544BC3ED007A544B93ED007AD3
:1025A000D7ED0C7A27EE277A514BD3ED006A4A4BD0
:1025B000D3ED007A66EEA77A37EE277A4D4BD3ED4E
:1025C000006A494BD3ED007A66EEA77A77EE277A58
:1025D000C7ED017A484BD3ED007A97ED017A67EEAB
:1025E000277AC7ED007A3E4A3B6B1360434B1B686A
:1025F000FB627B7F002B06D0414B1B78002B02D067
:10260000404B1B68FB62FB6A07EE903AB8EEE77A34
:10261000D7ED007A77EE677AB0EE670A08F044F9F2
:10262000394B1B681A460021FFF74FFDB862FB6A61
:1026300007EE903AB8EEE77AD7ED007A77EE277A90
:10264000B0EE670A08F030F92F4B1B681A460021DC
:10265000FFF73BFD7862BB6A002B07DD2B4B1B6845
:10266000BA6A9A4202DA294B1B68BB627B6A002B6A
:1026700007DD264B1B687A6A9A4202DA234B1B68F5
:102680007B627B6A9BB21A4601210020FFF7C6FDE0
:10269000BB6A9BB21A4601210120FFF7BFFD00BFB4
:1026A0003837BD4680BD00BFD814002000007A44F2
:1026B0006F12833A58140020C8140020D4BE0008BA
:1026C00054BE0008D0BD00084CBD00081C0000200E
:1026D0002C00002030000020CC1400201800002026
:1026E000D014002014000020D4140020100000207A
:1026F000C0140020C414002020000020040000208A
:1027000024000020280000200C00002008000020E9
:1027100080B500AF00224FF400710B4801F08EFE2F
:1027200000224FF40071094801F088FE00224FF4A6
:102730008071054801F082FE00224FF48071034849
:1027400001F07CFE00BF80BD00040240000002409A
:1027500080B588B000AF786007F10C0300221A60E2
:102760005A609A60DA607B68FB6001233B61072353
:102770007B6107F10C031946154801F009F903467E
:10278000002B01D000231FE00520FFF75BFB104862
:1027900000F07EFF0A210E4801F061F80C4801F0BC
:1027A000E9F80B4801F028F8094800F071FF0A2108
:1027B000074801F054F8064801F0DCF80346FB83B3
:1027C000034801F019F8FB8B18462037BD4680BD41
:1027D0003C020020F0B593B004AFFFF799FF05204D
:1027E000FFF7B6FF03467B820220FFF7B1FF0346E7
:1027F0003B820420FFF7ACFF0346FB810320FFF779
:10280000A7FF0346BB8101224FF40071A04801F0ED
:1028100015FE01224FF480719E4801F00FFE322018
:10282000FFF710FB0520FFF793FF03467B81022093
:10283000FFF78EFF03463B81FFF76AFF01224FF44B
:102840000071944801F0FAFD01224FF48071904824
:1028500001F0F4FD5020FFF7F5FA0420FFF778FFB0
:102860000346FB800320FFF773FF0346BB80FFF79F
:102870004FFF7A897B8A9A4204D97A897B8AD31A54
:102880007B6301E000237B633A893B8A9A4204D947
:102890003A893B8AD31A3B6301E000233B63FA8801
:1028A000FB899A4204D9FA88FB89D31AFB6201E0BA
:1028B0000023FB62BA88BB899A4204D9BA88BB89D3
:1028C000D31ABB6201E00023BB62734B1B68042B6D
:1028D00002DD714B00221A607B6B4FF47A7202FBAF
:1028E00003F36E4AA2FB03239B097B633B6B4FF40C
:1028F0007A7202FB03F3694AA2FB03239B093B6341
:10290000FB6A4FF47A7202FB03F3644AA2FB0323CF
:102910009B09FB62BB6A4FF47A7202FB03F35F4AC6
:10292000A2FB03239B09BB625B4B1B685C497A6B70
:1029300041F82320584B1B685A493A6B41F8232031
:10294000554B1B685849FA6A41F82320524B1B68C3
:102950005649BA6A41F823204F4B1B6801334E4A4F
:10296000136000237B6200233B620023FB61002392
:10297000BB6100237B611EE0494A7B6952F823302A
:102980007A6A13447B62474A7B6952F823303A6A79
:1029900013443B62444A7B6952F82330FA6913447A
:1029A000FB61424A7B6952F82330BA691344BB6128
:1029B0007B6901337B617B69042BDDDD7B6A3C4AEB
:1029C000A2FB03239B089AB23A4B1A813B6A384A0E
:1029D000A2FB03239B089AB2364B5A80FB69344A08
:1029E000A2FB03239B089AB2324BDA80BB69304AC0
:1029F000A2FB03239B089AB22E4B9A800020FFF77C
:102A0000A7FE03461A462B4B1A802B4B93F8223015
:102A1000002B32D0274B1C89002000F08DF8034694
:102A20009C4207D8234B5C88012000F085F80346C0
:102A30009C4201D9012300E0002303F00103DAB234
:102A40001C4B9A721B4BDC88022000F075F8034681
:102A50009C428CBF01230023DAB2164BDA72154B6D
:102A60009C88032000F068F803469C428CBF012339
:102A70000023DAB20F4B1A7338E00E4B1B891E2B62
:102A800003D80C4B5B881E2B18D9012317E000BF1D
:102A9000000402400000024010150020D34D6210D7
:102AA00014150020281500203C150020501500208A
:102AB000CDCCCCCC58140020DC140020002303F033
:102AC0000103DAB21A4B9A72194BDB88082B8CBFC0
:102AD00001230023DAB2164BDA72154B9B88082BC0
:102AE0008CBF01230023DAB2114B1A73104B1B89E0
:102AF0001C460F4B5B881D460D4B9B7A1E460C4BAC
:102B0000DB881A460A4BDB7A1946094B9B88184624
:102B1000074B1B7B039302900191009233462A4698
:102B200021460448FEF75EFA00BF3C37BD46F0BDC3
:102B300058140020C4B3000880B483B000AF78609C
:102B40007B68002B0ADB7B68032B07DC0C4B93F8BC
:102B5000223083F00103DBB2002B06D07B68012B0F
:102B600001DC1E2306E0082304E0054A7B680433E9
:102B700032F8133018460C37BD465DF8047B7047B9
:102B8000DC140020B0B58EB000AF4B48FEF714FA4D
:102B90004A4B5B6C03F48073002B03D04848FEF76C
:102BA0000BFA02E04748FEF707FA444B1B6B03F0B1
:102BB0000103002B03D04448FEF7FEF902E043482E
:102BC000FEF7FAF9424B1B6C012B03D14148FEF78B
:102BD000F3F905E03E4B1B6C19463F48FEF702FA3D
:102BE0003E48FEF7E9F93E4B07F120041D460FCDA4
:102BF0000FC42B6823603B4B07F10C041D460FCD1F
:102C00000FC42B68236000237B634BE07B6B9B002E
:102C100038333B4453F8183C1846FFF799FD0346F8
:102C20001A467B6B5B0038333B4423F8382C7B6BB4
:102C30009B0038333B4453F82C1C7B6B9B00383390
:102C40003B4453F8183C002B1FD07B6B9B00383360
:102C50003B4453F8183C022B15D07B6B9B00383358
:102C60003B4453F8183C032B0BD07B6B9B00383351
:102C70003B4453F8183C042B01D1042206E0052202
:102C800004E0032202E0022200E000227B6B5B00F2
:102C900038333B4433F8383C1348FEF7A3F97B6BD9
:102CA00001337B637B6B042BB0DD1048FEF784F9A6
:102CB00000BF3837BD46B0BD3CBB000800380240FD
:102CC00060BB00087CBB000898BB0008B4BB0008D0
:102CD0003C020020D0BB0008E8BB000800BC000894
:102CE00030BC00087CBC000820BC000818BB0008F1
:102CF00080B483B000AF00237B60104B5B6C0F4A45
:102D000043F4804353640D4B5B6C03F480437B605E
:102D10007B6800233B60094B1B6C084A43F08053DF
:102D20001364064B1B6C03F080533B603B6800BF91
:102D30000C37BD465DF8047B704700BF0038024089
:102D400080B58AB000AF786007F1140300221A60E2
:102D50005A609A60DA601A617B681B68174A93426E
:102D600027D100233B61164B5B6C154A43F48073FB
:102D70005364134B5B6C03F480733B613B6900232A
:102D8000FB600F4B1B6B0E4A43F0010313630C4BAC
:102D90001B6B03F00103FB60FB683D237B61032396
:102DA000BB610023FB6107F114031946054801F0DC
:102DB000C1F900BF2837BD4680BD00BF00200140DB
:102DC000003802400000024080B58AB000AF786051
:102DD00007F1140300221A605A609A60DA601A61DF
:102DE0007B681B68194A93422CD100233B61184B26
:102DF0001B6C174A43F480431364154B1B6C03F49C
:102E000080433B613B690023FB60114B1B6B104A05
:102E100043F0020313630E4B1B6B03F00203FB60D2
:102E2000FB684FF460437B610223BB610023FB61BD
:102E300003233B6205237B6207F11403194605480F
:102E400001F078F900BF2837BD4680BD003800404A
:102E5000003802400004024080B584B000AF7860C2
:102E60007B681B68184A934216D10023FB60174BFE
:102E70005B6C164A43F001035364144B5B6C03F024
:102E80000103FB60FB6800220721192001F089F88B
:102E9000192001F0A2F812E07B681B680C4A9342EB
:102EA0000DD10023BB60094B1B6C084A43F00203A1
:102EB0001364064B1B6C03F00203BB60BB6800BFCE
:102EC0001037BD4680BD00BF000001400038024001
:102ED0000004004080B58CB000AF786007F11C039F
:102EE00000221A605A609A60DA601A617B681B6877
:102EF000B3F1804F4BD10023BB613F4B1B6C3E4A6B
:102F000043F0010313643C4B1B6C03F00103BB61F2
:102F1000BB6900237B61384B1B6B374A43F00103CD
:102F20001363354B1B6B03F001037B617B6900234B
:102F30003B61314B1B6B304A43F0020313632E4B52
:102F40001B6B03F002033B613B694FF40043FB61E1
:102F500002233B6200237B620023BB620123FB62EE
:102F600007F11C031946254801F0E4F80823FB612A
:102F700002233B6200237B620023BB620123FB62CE
:102F800007F11C0319461E4801F0D4F830E07B68B5
:102F90001B681C4A93422BD10023FB60164B1B6C11
:102FA000154A43F004031364134B1B6C03F0040332
:102FB000FB60FB680023BB600F4B1B6B0E4A43F0AA
:102FC000020313630C4B1B6B03F00203BB60BB6873
:102FD000C023FB6102233B6200237B620023BB62B0
:102FE0000223FB6207F11C031946054801F0A2F811
:102FF00000BF3037BD4680BD0038024000000240AF
:10300000000402400008004080B58AB000AF78603C
:1030100007F1140300221A605A609A60DA601A619C
:103020007B681B68334A93421FD100233B61324BBC
:103030001B6B314A43F0010313632F4B1B6B03F0EF
:1030400001033B613B694FF480637B610223BB61F9
:103050000023FB6100233B6201237B6207F1140321
:103060001946264801F066F840E07B681B68244A50
:1030700093423BD10023FB601F4B1B6B1E4A43F066
:10308000010313631C4B1B6B03F00103FB60FB6824
:103090000023BB60184B1B6B174A43F002031363FA
:1030A000154B1B6B03F00203BB60BB68C0237B6145
:1030B0000223BB610023FB6100233B6202237B628E
:1030C00007F1140319460D4801F034F803237B611E
:1030D0000223BB610023FB6100233B6202237B626E
:1030E00007F114031946074801F024F800BF2837F8
:1030F000BD4680BD00000140003802400000024093
:10310000000400400004024080B58AB000AF78603F
:1031100007F1140300221A605A609A60DA601A619B
:103120007B681B681D4A934234D100233B611C4BD2
:103130005B6C1B4A43F020035364194B5B6C03F038
:1031400020033B613B690023FB60154B1B6B144A5A
:1031500043F001031363124B1B6B03F00103FB608D
:10316000FB684FF4C0537B610223BB610023FB610A
:1031700003233B6208237B6207F1140319460948C5
:1031800000F0D8FF00220621472000F00AFF472068
:1031900000F023FF00BF2837BD4680BD001401406A
:1031A000003802400000024080B400AF00BFFDE7DD
:1031B00080B400AF00BFFDE780B400AF00BFFDE703
:1031C00080B400AF00BFFDE780B400AF00BFFDE7F3
:1031D00080B400AF00BFBD465DF8047B704780B48B
:1031E00000AF00BFBD465DF8047B704780B400AF00
:1031F00000BFBD465DF8047B704780B500AF00F0AE
:10320000BFF900BF80BD80B500AF022001F04AF9D0
:1032100000BF80BD80B500AF024802F075FE00BF60
:1032200080BD00BFDC02002080B500AF4FF480609D
:1032300001F038F900BF80BD80B500AF024803F04F
:1032400091FD00BF80BD00BFFC03002080B400AF33
:1032500001231846BD465DF8047B704780B582B0F7
:1032600000AF7860396005F0A3FA034616221A60B1
:103270004FF0FF3318460837BD4680BD80B582B099
:1032800000AF78604FF0FF317868FFF7E7FF00BFCD
:10329000FDE780B586B000AFF860B9607A600023C2
:1032A0007B610AE0AFF300800146BB685A1CBA603C
:1032B000CAB21A707B6901337B617A697B689A4272
:1032C000F0DB7B6818461837BD4680BD80B586B0F8
:1032D00000AFF860B9607A6000237B6109E0BB68E9
:1032E0005A1CBA601B781846AFF300807B69013323
:1032F0007B617A697B689A42F1DB7B6818461837F4
:10330000BD4680BD80B483B000AF78604FF0FF331E
:1033100018460C37BD465DF8047B704780B483B017
:1033200000AF786039603B684FF400525A60002368
:1033300018460C37BD465DF8047B704780B483B0F7
:1033400000AF7860012318460C37BD465DF8047B5A
:10335000704780B485B000AFF860B9607A60002330
:1033600018461437BD465DF8047B704780B586B0BB
:1033700000AF7860144A154BD31A7B617B693B61BF
:10338000134B1B68002B02D1114B124A1A60104BD1
:103390001A687B6813443A699A4207D205F008FA22
:1033A00003460C221A604FF0FF3309E0084B1B68FC
:1033B000FB60074B1A687B681344054A1360FB687F
:1033C00018461837BD4680BD0000022000040000EA
:1033D00064150020B816002080B400AF064BD3F867
:1033E0008830054A43F47003C2F8883000BFBD46F8
:1033F0005DF8047B704700BF00ED00E080B582B04F
:1034000000AF03460A46FB711346BB71FB79002BE4
:1034100014BF01230023DBB21A461021084801F033
:103420000DF8BB79002B14BF01230023DBB21A4631
:103430002021034801F002F800BF0837BD4680BDD7
:103440000004024080B582B000AF00237B6010E032
:1034500000210120FFF7D2FF962000F0B1F80121F2
:103460000020FFF7CBFF962000F0AAF87B6801331D
:103470007B607B68022BEBDD00210020FFF7BEFFA5
:1034800000BF0837BD4680BDDFF834D0FFF7A4FF8A
:103490000C480D490D4A002302E0D458C4500433AF
:1034A000C4188C42F9D30A4A0A4C002301E0136085
:1034B0000432A242FBD305F081F9FEF745F87047CC
:1034C000000002200000002008020020F4C20008D2
:1034D00008020020B8160020FEE7000080B500AF0B
:1034E0000E4B1B680D4A43F4007313600B4B1B68B3
:1034F0000A4A43F480631360084B1B68074A43F48D
:1035000080731360032000F041FD0F2000F008F8E5
:10351000FFF7EEFB0023184680BD00BF003C0240D1
:1035200080B582B000AF7860124B1A68124B1B78DE
:1035300019464FF47A73B3FBF1F3B2FBF3F3184679
:1035400000F059FD0346002B01D001230EE07B68FB
:103550000F2B0AD8002279684FF0FF3000F021FDD0
:10356000064A7B681360002300E0012318460837F1
:10357000BD4680BD340000203C0000203800002003
:1035800080B400AF064B1B781A46064B1B681344E9
:10359000044A136000BFBD465DF8047B704700BF5E
:1035A0003C0000206815002080B400AF034B1B686E
:1035B0001846BD465DF8047B704700BF68150020C3
:1035C00080B584B000AF7860FFF7EEFFB8607B682D
:1035D000FB60FB68B3F1FF3F05D00A4B1B781A462E
:1035E000FB681344FB6000BFFFF7DEFF0246BB68C9
:1035F000D31AFA689A42F7D800BF00BF1037BD4609
:1036000080BD00BF3C00002080B584B000AF786072
:103610000023FB737B68002B01D1012333E07B681F
:103620001B6C002B09D17868FFF78AFB7B680022AE
:103630005A647B68002283F83C207B681B6C03F093
:103640001003002B18D17B681B6C23F4885323F0E4
:10365000020343F002027B681A64786800F0CAFA39
:103660007B6800225A647B681B6C23F0030343F0E1
:1036700001027B681A6401E00123FB737B6800226E
:1036800083F83C20FB7B18461037BD4680BD000008
:1036900080B485B000AF78600023BB607B6893F88E
:1036A0003C30012B01D1022397E07B68012283F893
:1036B0003C207B681B689B6803F00103012B18D03A
:1036C0007B681B689A687B681B6842F001029A60FD
:1036D000454B1B68454AA2FB03239A0C13465B002B
:1036E0001344BB6002E0BB68013BBB60BB68002BBE
:1036F000F9D17B681B689B6803F00103012B5FD144
:103700007B681B6C23F4E06323F0010343F48072B5
:103710007B681A647B681B685B6803F48063002B1A
:1037200007D07B681B6C23F4405343F480527B68C2
:103730001A647B681B6C03F48053B3F5805F06D179
:103740007B685B6C23F006027B685A6402E07B684E
:1037500000225A647B68002283F83C20244BFB60E3
:103760007B681B686FF022021A60FB685B6803F0DD
:103770001F03002B0FD17B681B689B6803F040532D
:10378000002B29D17B681B689A687B681B6842F014
:1037900080429A6020E07B681B68164A93421BD1E6
:1037A0007B681B689B6803F04053002B14D17B6837
:1037B0001B689A687B681B6842F080429A600BE045
:1037C0007B681B6C43F010027B681A647B685B6C3F
:1037D00043F001027B685A64002318461437BD4643
:1037E0005DF8047B704700BF3400002083DE1B437C
:1037F000002301400020014080B483B000AF786016
:103800007B6893F83C30012B01D1022321E07B68D7
:10381000012283F83C207B681B689A687B681B68E0
:1038200022F001029A607B681B689B6803F0010329
:10383000002B09D17B681B6C23F4885323F0010310
:1038400043F001027B681A647B68002283F83C2005
:10385000002318460C37BD465DF8047B704780B5E1
:1038600084B000AF786039600023FB607B681B6820
:103870009B6803F48063B3F5806F13D17B681B688A
:103880009B6803F48073B3F5807F0BD17B681B6C5E
:1038900043F020027B681A647B68002283F83C2096
:1038A000012363E0FFF780FEF86021E03B68B3F19D
:1038B000FF3F1DD03B68002B07D0FFF775FE024687
:1038C000FB68D31A3A689A4212D27B681B681B685D
:1038D00003F00203022B0BD07B681B6C43F0040245
:1038E0007B681A647B68002283F83C2003233DE058
:1038F0007B681B681B6803F00203022BD6D17B6830
:103900001B686FF012021A607B681B6C43F4007234
:103910007B681A647B681B689B6803F04053002B2C
:1039200023D17B681B7E002B1FD17B681B68DB6A61
:1039300003F47003002B06D07B681B689B6803F4BC
:103940008063002B11D17B681B6C23F480727B6831
:103950001A647B681B6C03F48053002B05D17B68D1
:103960001B6C43F001027B681A6400231846103771
:10397000BD4680BD80B483B000AF78607B681B68B3
:10398000DB6C18460C37BD465DF8047B70470000C1
:1039900080B485B000AF786039600023BB607B687D
:1039A00093F83C30012B01D1022313E17B68012203
:1039B00083F83C203B681B68092B25D97B681B6872
:1039C000D9683B681B689BB21A4613465B001344D8
:1039D0001E3B072202FA03F3DA437B681B680A40A6
:1039E000DA607B681B68D9683B689A683B681B682B
:1039F0009BB2184603465B0003441E3B9A407B681B
:103A00001B680A43DA6022E07B681B6819693B681F
:103A10001B689BB21A4613465B001344072202FA46
:103A200003F3DA437B681B680A401A617B681B68F2
:103A300019693B689A683B681B689BB21846034645
:103A40005B0003449A407B681B680A431A613B6829
:103A50005B68062B24D87B681B68596B3B685A68E7
:103A600013469B001344053B1F2202FA03F3DA437B
:103A70007B681B680A405A637B681B68596B3B680C
:103A80001B689BB218463B685A6813469B00134458
:103A9000053B00FA03F27B681B680A435A634CE05B
:103AA0003B685B680C2B24D87B681B68196B3B68F0
:103AB0005A6813469B001344233B1F2202FA03F368
:103AC000DA437B681B680A401A637B681B68196BC2
:103AD0003B681B689BB218463B685A6813469B00BC
:103AE0001344233B00FA03F27B681B680A431A6302
:103AF00023E07B681B68D96A3B685A6813469B00C1
:103B00001344413B1F2202FA03F3DA437B681B682C
:103B10000A40DA627B681B68D96A3B681B689BB203
:103B200018463B685A6813469B001344413B00FA11
:103B300003F27B681B680A43DA62294BFB607B68EF
:103B40001B68284A93420FD13B681B68122B0BD18C
:103B5000FB685B6823F40002FB685A60FB685B68E3
:103B600043F48002FB685A607B681B681D4A9342DD
:103B70002BD13B681B681C4A934203D03B681B68EF
:103B8000112B22D1FB685B6823F48002FB685A602A
:103B9000FB685B6843F40002FB685A603B681B6883
:103BA000114A934211D1114B1B68114AA2FB032306
:103BB0009A0C13469B0013445B00BB6002E0BB6899
:103BC000013BBB60BB68002BF9D17B68002283F806
:103BD0003C20002318461437BD465DF8047B70472F
:103BE000002301400020014012000010340000209A
:103BF00083DE1B4380B485B000AF7860794BFB60F7
:103C0000FB685B6823F44032FB685A60FB685A68C3
:103C10007B685B681A43FB685A607B681B685A685C
:103C20007B681B6822F480725A607B681B68596845
:103C30007B681B691A027B681B680A435A607B68B1
:103C40001B685A687B681B6822F040725A607B6868
:103C50001B6859687B689A687B681B680A435A60CE
:103C60007B681B689A687B681B6822F400629A6014
:103C70007B681B6899687B68DA687B681B680A4305
:103C80009A607B689B6A584A934222D07B681B6883
:103C90009A687B681B6822F070629A607B681B6878
:103CA00099687B689A6A7B681B680A439A607B689C
:103CB0001B689A687B681B6822F040529A607B6898
:103CC0001B6899687B68DA6A7B681B680A439A609C
:103CD0000FE07B681B689A687B681B6822F0706243
:103CE0009A607B681B689A687B681B6822F0405268
:103CF0009A607B681B689A687B681B6822F00202E6
:103D00009A607B681B6899687B681B7E5A007B6899
:103D10001B680A439A607B6893F82030002B1BD005
:103D20007B681B685A687B681B6842F400625A60B3
:103D30007B681B685A687B681B6822F460425A6083
:103D40007B681B6859687B685B6A013B5A037B6828
:103D50001B680A435A6007E07B681B685A687B68E7
:103D60001B6822F400625A607B681B68DA6A7B6811
:103D70001B6822F47002DA627B681B68D96A7B6870
:103D8000DB69013B1A057B681B680A43DA627B68C2
:103D90001B689A687B681B6822F400729A607B68D3
:103DA0001B6899687B6893F830305A027B681B68FF
:103DB0000A439A607B681B689A687B681B6822F4D8
:103DC00080629A607B681B6899687B685B699A026D
:103DD0007B681B680A439A6000BF1437BD465DF8D4
:103DE000047B7047002301400100000F80B485B0C0
:103DF00000AF78607B6803F00703FB600C4BDB6867
:103E0000BB60BA684FF6FF031340BB60FB681A0241
:103E1000BB68134343F0BF6343F40033BB60044A01
:103E2000BB68D36000BF1437BD465DF8047B7047A4
:103E300000ED00E080B400AF044BDB681B0A03F028
:103E400007031846BD465DF8047B704700ED00E0AF
:103E500080B483B000AF0346FB7197F90730002BA5
:103E60000BDBFB7903F01F02074997F907305B0969
:103E7000012000FA02F241F8232000BF0C37BD46B2
:103E80005DF8047B704700BF00E100E080B483B0C0
:103E900000AF03463960FB7197F90730002B0ADB4E
:103EA0003B68DAB20C4997F907301201D2B20B44E1
:103EB00083F800230AE03B68DAB20849FB7903F093
:103EC0000F03043B1201D2B20B441A7600BF0C3729
:103ED000BD465DF8047B704700E100E000ED00E0C6
:103EE00080B489B000AFF860B9607A60FB6803F015
:103EF0000703FB61FB69C3F10703042B28BF0423FD
:103F0000BB61FB690433062B02D9FB69033B00E06C
:103F100000237B614FF0FF32BB6902FA03F3DA43FF
:103F2000BB681A407B699A404FF0FF317B6901FA08
:103F300003F3D9437B680B40134318462437BD462F
:103F40005DF8047B7047000080B582B000AF7860F8
:103F50007B68013BB3F1807F01D301230FE00A4A64
:103F60007B68013B53600F214FF0FF30FFF78EFF5E
:103F7000054B00229A60044B07221A600023184662
:103F80000837BD4680BD00BF10E000E080B582B0BC
:103F900000AF78607868FFF729FF00BF0837BD469B
:103FA00080BD80B586B000AF0346B9607A60FB7310
:103FB00000237B61FFF73EFF78617A68B968786912
:103FC000FFF78EFF024697F90F3011461846FFF7AC
:103FD0005DFF00BF1837BD4680BD80B582B000AF21
:103FE0000346FB7197F907301846FFF731FF00BF12
:103FF0000837BD4680BD80B582B000AF7860786874
:10400000FFF7A2FF034618460837BD4680BD80B5BE
:1040100084B000AF78607B689B6DFB60FFF7C4FAEB
:10402000B8607B6893F83530DBB2022B08D07B6830
:1040300080225A657B68002283F83420012352E0F5
:104040007B681B681A687B681B6822F016021A607E
:104050007B681B685A697B681B6822F080025A6182
:104060007B681B6C002B03D17B689B6C002B07D0FB
:104070007B681B681A687B681B6822F008021A605C
:104080007B681B681A687B681B6822F001021A6053
:1040900013E0FFF789FA0246BB68D31A052B0CD947
:1040A0007B6820225A657B68032283F835207B6871
:1040B000002283F83420032315E07B681B681B680B
:1040C00003F00103002BE4D17B68DB6D3F229A40B3
:1040D000FB689A607B68012283F835207B680022A8
:1040E00083F83420002318461037BD4680BD80B4C5
:1040F00083B000AF78607B6893F83530DBB2022B79
:1041000004D07B6880225A6501230CE07B6805227D
:1041100083F835207B681B681A687B681B6822F06F
:1041200001021A60002318460C37BD465DF8047B77
:104130007047000080B489B000AF78603960002318
:104140007B6100233B610023BB610023FB6159E1DC
:104150000122FB6902FA03F37B613B681B687A6901
:1041600013403B613A697B699A4240F048813B6861
:104170005B6803F00303012B05D03B685B6803F029
:104180000303022B30D17B689B68BB61FB695B003A
:10419000032202FA03F3DB43BA691340BB613B68B5
:1041A000DA68FB695B0002FA03F3BA691343BB6187
:1041B0007B68BA699A607B685B68BB610122FB69B6
:1041C00002FA03F3DB43BA691340BB613B685B68E7
:1041D0001B0903F00102FB6902FA03F3BA691343F6
:1041E000BB617B68BA695A603B685B6803F0030394
:1041F000032B17D07B68DB68BB61FB695B00032284
:1042000002FA03F3DB43BA691340BB613B689A6867
:10421000FB695B0002FA03F3BA691343BB617B6875
:10422000BA69DA603B685B6803F00303022B23D1B1
:10423000FB69DA087B68083253F82230BB61FB69FE
:1042400003F007039B000F2202FA03F3DB43BA6972
:104250001340BB613B681A69FB6903F007039B00CD
:1042600002FA03F3BA691343BB61FB69DA087B689E
:104270000832B96943F822107B681B68BB61FB698F
:104280005B00032202FA03F3DB43BA691340BB610C
:104290003B685B6803F00302FB695B0002FA03F30F
:1042A000BA691343BB617B68BA691A603B685B6893
:1042B00003F44033002B00F0A2800023FB60574B37
:1042C0005B6C564A43F480435364544B5B6C03F479
:1042D0008043FB60FB68524AFB699B08023352F83B
:1042E0002330BB61FB6903F003039B000F2202FA3A
:1042F00003F3DB43BA691340BB617B68494A9342CD
:1043000019D07B68484A934213D07B68474A93424E
:104310000DD07B68464A934207D07B68454A93425A
:1043200001D1042308E0072306E0032304E002236D
:1043300002E0012300E00023FA6902F00302920088
:104340009340BA691343BB613549FB699B0802334B
:10435000BA6941F82320384B9B68BB613B69DB435A
:10436000BA691340BB613B685B6803F48013002BA0
:1043700003D0BA693B691343BB612F4ABB699360A1
:104380002D4BDB68BB613B69DB43BA691340BB6102
:104390003B685B6803F40013002B03D0BA693B69E8
:1043A0001343BB61244ABB69D360234B5B68BB6189
:1043B0003B69DB43BA691340BB613B685B6803F44C
:1043C0000033002B03D0BA693B691343BB611A4A1F
:1043D000BB695360184B1B68BB613B69DB43BA691F
:1043E0001340BB613B685B6803F48033002B03D050
:1043F000BA693B691343BB610F4ABB691360FB6930
:104400000133FB61FB690F2B7FF6A2AE00BF00BF3B
:104410002437BD465DF8047B704700BF003802407A
:104420000038014000000240000402400008024041
:10443000000C024000100240003C014080B483B0F8
:1044400000AF78600B467B8013467B707B78002B37
:1044500003D07A887B689A6103E07B881A047B68C2
:104460009A6100BF0C37BD465DF8047B704780B48D
:1044700085B000AF78600B467B807B685B69FB6032
:104480007A88FB6813401A04FB68D9437B880B4089
:104490001A437B689A6100BF1437BD465DF8047B00
:1044A0007047000080B582B000AF0346FB80084B28
:1044B0005A69FB881340002B06D0054AFB885361DC
:1044C000FB881846FDF738FC00BF0837BD4680BDA5
:1044D000003C014080B586B000AF78607B68002B5F
:1044E00001D1012367E27B681B6803F00103002B05
:1044F00075D0884B9B6803F00C03042B0CD0854BC4
:104500009B6803F00C03082B12D1824B5B6803F409
:104510008003B3F5800F0BD17E4B1B6803F400338F
:10452000002B5BD07B685B68002B57D1012342E2F4
:104530007B685B68B3F5803F06D1764B1B68754A94
:1045400043F4803313601DE07B685B68B3F5A02FF4
:104550000CD1704B1B686F4A43F4802313606D4B82
:104560001B686C4A43F4803313600BE0694B1B6893
:10457000684A23F480331360664B1B68654A23F452
:10458000802313607B685B68002B13D0FFF70CF867
:10459000386108E0FFF708F802463B69D31A642B3C
:1045A00001D9032307E25B4B1B6803F40033002BA4
:1045B000F0D014E0FEF7F8FF386108E0FEF7F4FFF2
:1045C00002463B69D31A642B01D90323F3E1514B13
:1045D0001B6803F40033002BF0D100E000BF7B68C0
:1045E0001B6803F00203002B63D04A4B9B6803F067
:1045F0000C03002B0BD0474B9B6803F00C03082BDC
:104600001CD1444B5B6803F48003002B16D1414B53
:104610001B6803F00203002B05D07B68DB68012BCD
:1046200001D00123C7E13B4B1B6823F0F8027B68F4
:104630001B69DB00374913430B603AE07B68DB689A
:10464000002B20D0344B01221A60FEF7ADFF3861F9
:1046500008E0FEF7A9FF02463B69D31A022B01D9F5
:104660000323A8E12B4B1B6803F00203002BF0D0BF
:10467000284B1B6823F0F8027B681B69DB00254987
:1046800013430B6015E0244B00221A60FEF78CFFE9
:10469000386108E0FEF788FF02463B69D31A022B17
:1046A00001D9032387E11B4B1B6803F00203002B96
:1046B000F0D17B681B6803F00803002B36D07B68C1
:1046C0005B69002B16D0154B01221A60FEF76CFFB8
:1046D000386108E0FEF768FF02463B69D31A022BF7
:1046E00001D9032367E10B4B5B6F03F00203002B3F
:1046F000F0D01BE0094B00221A60FEF755FF38612D
:104700000EE0FEF751FF02463B69D31A022B07D990
:10471000032350E10038024000004742800E474228
:10472000884B5B6F03F00203002BEAD17B681B68A8
:1047300003F00403002B00F097800023FB75814BEE
:104740001B6C03F08053002B0FD10023BB607D4B0B
:104750001B6C7C4A43F0805313647A4B1B6C03F050
:104760008053BB60BB680123FB75774B1B6803F468
:104770008073002B18D1744B1B68734A43F4807309
:104780001360FEF711FF386108E0FEF70DFF0246E7
:104790003B69D31A022B01D903230CE16A4B1B6836
:1047A00003F48073002BF0D07B689B68012B06D14B
:1047B000644B1B6F634A43F0010313671CE07B6883
:1047C0009B68052B0CD15F4B1B6F5E4A43F00403C3
:1047D00013675C4B1B6F5B4A43F0010313670BE0ED
:1047E000584B1B6F574A23F001031367554B1B6F40
:1047F000544A23F0040313677B689B68002B15D091
:10480000FEF7D2FE38610AE0FEF7CEFE02463B69B3
:10481000D31A41F28832934201D90323CBE0494BAA
:104820001B6F03F00203002BEED014E0FEF7BCFE7A
:1048300038610AE0FEF7B8FE02463B69D31A41F23E
:104840008832934201D90323B5E03E4B1B6F03F03E
:104850000203002BEED1FB7D012B05D1394B1B6CE4
:10486000384A23F0805313647B689B69002B00F067
:10487000A180344B9B6803F00C03082B5CD07B6851
:104880009B69022B41D1314B00221A60FEF78CFE4E
:10489000386108E0FEF788FE02463B69D31A022B16
:1048A00001D9032387E0274B1B6803F00073002B1B
:1048B000F0D17B68DA697B681B6A1A437B685B6AA4
:1048C0009B011A437B689B6A5B08013B1B041A43EC
:1048D0007B68DB6A1B061B4913434B601B4B0122A1
:1048E0001A60FEF761FE386108E0FEF75DFE0246E1
:1048F0003B69D31A022B01D903235CE0114B1B68DF
:1049000003F00073002BF0D054E0104B00221A602B
:10491000FEF74AFE386108E0FEF746FE02463B69B4
:10492000D31A022B01D9032345E0064B1B6803F081
:104930000073002BF0D13DE07B689B69012B07D110
:10494000012338E000380240007000406000474218
:104950001B4B5B68FB607B689B69012B28D0FB6865
:1049600003F480027B68DB699A4221D1FB6803F083
:104970003F027B681B6A9A421AD1FA6847F6C073F5
:1049800013407A68526A9201934211D1FB6803F492
:1049900040327B689B6A5B08013B1B049A4207D14B
:1049A000FB6803F070627B68DB6A1B069A4201D0E9
:1049B000012300E0002318461837BD4680BD00BF24
:1049C0000038024080B584B000AF786039607B6801
:1049D000002B01D10123CCE0684B1B6803F00703D7
:1049E0003A689A420CD9654B3A68D2B21A70634B56
:1049F0001B6803F007033A689A4201D00123B8E02C
:104A00007B681B6803F00203002B20D07B681B68C7
:104A100003F00403002B05D0594B9B68584A43F41C
:104A2000E05393607B681B6803F00803002B05D0FC
:104A3000534B9B68524A43F460439360504B9B68CE
:104A400023F0F0027B689B684D4913438B607B68C1
:104A50001B6803F00103002B44D07B685B68012BCB
:104A600007D1474B1B6803F40033002B19D10123F6
:104A70007FE07B685B68022B03D07B685B68032B5D
:104A800007D13F4B1B6803F00073002B09D10123B2
:104A90006FE03B4B1B6803F00203002B01D10123A5
:104AA00067E0374B9B6823F003027B685B683449FF
:104AB00013438B60FEF778FDF8600AE0FEF774FDA3
:104AC0000246FB68D31A41F28832934201D903238C
:104AD0004FE02B4B9B6803F00C027B685B689B00EC
:104AE0009A42EBD1254B1B6803F007033A689A42C0
:104AF0000CD2224B3A68D2B21A70204B1B6803F0DA
:104B000007033A689A4201D0012332E07B681B68B0
:104B100003F00403002B08D0194B9B6823F4E052E8
:104B20007B68DB68164913438B607B681B6803F066
:104B30000803002B09D0124B9B6823F460427B686A
:104B40001B69DB000E4913438B6000F021F802461D
:104B50000B4B9B681B0903F00F030A49CB5C22FA3D
:104B600003F3094A1360094B1B681846FEF7D8FC8B
:104B7000002318461037BD4680BD00BF003C0240F0
:104B80000038024054BF00083400002038000020E4
:104B90002DE9B04F90B000AF00237B630023FB638F
:104BA00000233B630023BB63594B9B6803F00C035A
:104BB000082B0DD0082B00F2A180002B02D0042B73
:104BC00003D09BE0534BBB639BE0534BBB6398E02C
:104BD0004F4B5B6803F03F037B634D4B5B6803F413
:104BE0008003002B28D04A4B5B689B0900223B6264
:104BF0007A623B6AC3F308000021474B03FB01F2D2
:104C0000002300FB03F31344434AA0FB0212FA62A1
:104C10000A46BA62FA6A1344FB627B6B0022BB61EC
:104C2000FA61D7E90623D7E90A01FBF7C5FF024677
:104C30000B461346FB6353E0354B5B689B09002230
:104C40003B617A613B69C3F3080A4FF0000B52469F
:104C50005B464FF000004FF00001590141EAD2617C
:104C6000500102460B46B2EB0A0863EB0B094FF00A
:104C700000024FF000034FEA891343EA98634FEABA
:104C80008812B2EB080463EB09054FF000024FF005
:104C90000003EB0043EA5473E20014461D4614EB94
:104CA0000A033B6045EB0B037B604FF000024FF0C3
:104CB0000003D7E9004529468B02214643EA915378
:104CC00021468A02104619467B6B0022BB60FA60BF
:104CD000D7E90223FBF770FF02460B461346FB633E
:104CE0000B4B5B681B0C03F0030301335B003B635E
:104CF000FA6B3B6BB2FBF3F3BB6302E0054BBB63A8
:104D000000BFBB6B18464037BD46BDE8B08F00BF43
:104D1000003802400024F40040787D0180B400AFE8
:104D2000034B1B681846BD465DF8047B704700BF07
:104D30003400002080B500AFFFF7F0FF0246054BBE
:104D40009B689B0A03F007030349CB5C22FA03F339
:104D5000184680BD0038024064BF000880B500AF2F
:104D6000FFF7DCFF0246054B9B685B0B03F0070374
:104D70000349CB5C22FA03F3184680BD0038024099
:104D800064BF000880B582B000AF78607B68002BFC
:104D900001D101237BE07B685B6A002B08D17B6833
:104DA0005B68B3F5827F09D07B680022DA6105E099
:104DB0007B6800221A617B6800225A617B680022AE
:104DC0009A627B6893F85130DBB2002B06D17B6886
:104DD000002283F850207868FDF7F6FF7B680222F6
:104DE00083F851207B681B681A687B681B6822F077
:104DF00040021A607B685B6803F482727B689B6880
:104E000003F404431A437B68DB6803F400631A432A
:104E10007B681B6903F002031A437B685B6903F03C
:104E200001031A437B689B6903F400731A437B6890
:104E3000DB6903F038031A437B681B6A03F08003C5
:104E400042EA03017B689B6A03F400527B681B689B
:104E50000A431A607B689B691B0C03F004017B68A2
:104E60005B6A03F010027B681B680A435A607B6828
:104E70001B68DA697B681B6822F40062DA617B6870
:104E800000225A657B68012283F8512000231846CE
:104E90000837BD4680BD80B588B000AFF860B96006
:104EA0003B601346FB80FEF77FFBF861FB887B834A
:104EB000FB6893F85130DBB2012B01D002232AE1C9
:104EC000BB68002B02D0FB88002B01D1012322E11B
:104ED000FB6893F85030012B01D102231BE1FB68E2
:104EE000012283F85020FB68032283F85120FB68DD
:104EF00000225A65FB68BA681A63FB68FA889A86CA
:104F0000FB68FA88DA86FB6800229A63FB68002255
:104F10009A87FB680022DA87FB6800225A64FB68E4
:104F200000221A64FB689B68B3F5004F0FD1FB6841
:104F30001B681A68FB681B6822F040021A60FB6855
:104F40001B681A68FB681B6842F480421A60FB68A1
:104F50001B681B6803F04003402B07D0FB681B68ED
:104F60001A68FB681B6842F040021A60FB68DB6845
:104F7000B3F5006F52D1FB685B68002B02D07B8BCE
:104F8000012B45D1FB681B6B1A88FB681B68DA6034
:104F9000FB681B6B9A1CFB681A63FB68DB8E9BB279
:104FA000013B9AB2FB68DA8632E0FB681B689B68BB
:104FB00003F00203022B12D1FB681B6B1A88FB68FB
:104FC0001B68DA60FB681B6B9A1CFB681A63FB6842
:104FD000DB8E9BB2013B9AB2FB68DA8618E0FEF7E3
:104FE000E3FA0246FB69D31A3A689A4203D83B684F
:104FF000B3F1FF3F02D13B68002B09D1FB680122CE
:1050000083F85120FB68002283F85020032382E0BC
:10501000FB68DB8E9BB2002BC7D153E0FB685B685B
:10502000002B02D07B8B012B47D1FB681A6BFB68EE
:105030001B680C3312781A70FB681B6B5A1CFB68D8
:105040001A63FB68DB8E9BB2013B9AB2FB68DA867F
:1050500033E0FB681B689B6803F00203022B13D14B
:10506000FB681A6BFB681B680C3312781A70FB68BC
:105070001B6B5A1CFB681A63FB68DB8E9BB2013BFF
:105080009AB2FB68DA8618E0FEF78EFA0246FB69F0
:10509000D31A3A689A4203D83B68B3F1FF3F02D172
:1050A0003B68002B09D1FB68012283F85120FB6883
:1050B000002283F8502003232DE0FB68DB8E9BB297
:1050C000002BC6D1FA693968F86800F0D9FB0346AD
:1050D000002B02D0FB6820225A65FB689B68002BDE
:1050E0000AD100237B61FB681B68DB687B61FB687E
:1050F0001B689B687B617B69FB68012283F85120F8
:10510000FB68002283F85020FB685B6D002B01D008
:10511000012300E0002318462037BD4680BD80B53E
:1051200088B002AFF860B9603B601346FB80FB6853
:1051300093F85130DBB2012B01D0022304E1BB68AC
:10514000002B02D0FB88002B01D10123FCE0FB687F
:105150005B68B3F5827F12D1FB689B68002B0ED190
:10516000FB68042283F85120FA883B6800931346B9
:10517000BA68B968F86800F0EBF80346E4E0FEF7B7
:1051800013FA7861FB6893F85030012B01D10223A8
:10519000DAE0FB68012283F85020FB68042283F8E0
:1051A0005120FB6800225A65FB68BA689A63FB6865
:1051B000FA889A87FB68FA88DA87FB6800221A6304
:1051C000FB6800229A86FB680022DA86FB680022D0
:1051D0001A64FB6800225A64FB689B68B3F5004FB1
:1051E0000FD1FB681B681A68FB681B6822F040023D
:1051F0001A60FB681B681A68FB681B6822F480420F
:105200001A60FB681B681B6803F04003402B07D043
:10521000FB681B681A68FB681B6842F040021A6052
:10522000FB68DB68002B70D135E0FB681B689B686E
:1052300003F00103012B15D1FB681B6803F10C027D
:10524000FB689B6B1278D2B21A70FB689B6B5A1C7E
:10525000FB689A63FB68DB8F9BB2013B9AB2FB68E9
:10526000DA8718E0FEF7A0F902467B69D31A3A689C
:105270009A4203D83B68B3F1FF3F02D13B68002B51
:1052800009D1FB68012283F85120FB68002283F8D2
:105290005020032358E0FB68DB8F9BB2002BC4D166
:1052A00038E0FB681B689B6803F00103012B13D1F6
:1052B000FB681B68DA68FB689B6B92B21A80FB681C
:1052C0009B6B9A1CFB689A63FB68DB8F9BB2013B6C
:1052D0009AB2FB68DA8718E0FEF766F902467B6946
:1052E000D31A3A689A4203D83B68B3F1FF3F02D120
:1052F0003B68002B09D1FB68012283F85120FB6831
:10530000002283F8502003231EE0FB68DB8F9BB252
:10531000002BC6D17A693968F86800F04BFA034669
:10532000002B02D0FB6820225A65FB68012283F81B
:105330005120FB68002283F85020FB685B6D002B36
:1053400001D0012300E0002318461837BD4680BD78
:1053500080B58AB000AFF860B9607A607B800123C5
:105360007B62FEF721F93862FB6893F85130FB77D6
:10537000FB685B68BB617B88FB82FB7F012B0CD0E9
:10538000BB69B3F5827F06D1FB689B68002B02D115
:10539000FB7F042B01D002237FE1BB68002B05D0EB
:1053A0007B68002B02D07B88002B01D1012374E1A4
:1053B000FB6893F85030012B01D102236DE1FB68AB
:1053C000012283F85020FB6893F85130DBB2042BA4
:1053D00003D0FB68052283F85120FB6800225A6540
:1053E000FB687A689A63FB687A88DA87FB687A8850
:1053F0009A87FB68BA681A63FB687A88DA86FB6862
:105400007A889A86FB6800221A64FB6800225A6434
:10541000FB681B681B6803F04003402B07D0FB6848
:105420001B681A68FB681B6842F040021A60FB6840
:10543000DB68B3F5006F7ED1FB685B68002B02D0A0
:10544000FB8A012B6CD1FB681B6B1A88FB681B68FD
:10545000DA60FB681B6B9A1CFB681A63FB68DB8EC7
:105460009BB2013B9AB2FB68DA8659E0FB681B6885
:105470009B6803F00203022B1BD1FB68DB8E9BB2FF
:10548000002B16D07B6A012B13D1FB681B6B1A888B
:10549000FB681B68DA60FB681B6B9A1CFB681A636D
:1054A000FB68DB8E9BB2013B9AB2FB68DA86002375
:1054B0007B62FB681B689B6803F00103012B19D119
:1054C000FB68DB8F9BB2002B14D0FB681B68DA688B
:1054D000FB689B6B92B21A80FB689B6B9A1CFB6803
:1054E0009A63FB68DB8F9BB2013B9AB2FB68DA8759
:1054F00001237B62FEF758F802463B6AD31A3A6BE7
:105500009A420DD83B6BB3F1FF3F09D0FB680122F3
:1055100083F85120FB68002283F850200323BCE06D
:10552000FB68DB8E9BB2002BA0D1FB68DB8F9BB2AC
:10553000002B9BD182E0FB685B68002B02D0FB8ACA
:10554000012B71D1FB681A6BFB681B680C33127856
:105550001A70FB681B6B5A1CFB681A63FB68DB8EB6
:105560009BB2013B9AB2FB68DA865DE0FB681B6880
:105570009B6803F00203022B1CD1FB68DB8E9BB2FD
:10558000002B17D07B6A012B14D1FB681A6BFB68C8
:105590001B680C3312781A70FB681B6B5A1CFB6873
:1055A0001A63FB68DB8E9BB2013B9AB2FB68DA861A
:1055B00000237B62FB681B689B6803F00103012BDF
:1055C00019D1FB68DB8F9BB2002B14D0FB681B68E2
:1055D000DA68FB689B6BD2B21A70FB689B6B5A1C33
:1055E000FB689A63FB68DB8F9BB2013B9AB2FB6856
:1055F000DA8701237B62FDF7D7FF02463B6AD31AA5
:105600003A6B9A4203D83B6BB3F1FF3F02D13B6B3D
:10561000002B09D1FB68012283F85120FB6800228E
:1056200083F85020032338E0FB68DB8E9BB2002B0D
:105630009CD1FB68DB8F9BB2002B97D13A6A396B08
:10564000F86800F01DF90346002B08D0FB68202203
:105650005A65FB68002283F8502001231DE0FB6897
:105660009B68002B0AD100233B61FB681B68DB6849
:105670003B61FB681B689B683B613B69FB680122DF
:1056800083F85120FB68002283F85020FB685B6D93
:10569000002B01D0012300E0002318462837BD4627
:1056A00080BD000080B588B000AFF860B9603B6095
:1056B0001346FB71FDF778FF0246BB6A9B1A3A68F6
:1056C0001344FB61FDF770FFB861394B1B685B0148
:1056D0001B0DFA6902FB03F37B6155E03B68B3F1F4
:1056E000FF3F51D0FDF760FF0246BB69D31AFA694C
:1056F0009A4202D9FB69002B3DD1FB681B685A68AE
:10570000FB681B6822F0E0025A60FB685B68B3F537
:10571000827F11D1FB689B68B3F5004F04D0FB6812
:105720009B68B3F5806F07D1FB681B681A68FB683C
:105730001B6822F040021A60FB689B6AB3F5005FA9
:105740000FD1FB681B681A68FB681B6822F40052C3
:105750001A60FB681B681A68FB681B6842F40052F9
:105760001A60FB68012283F85120FB68002283F84D
:105770005020032318E07B69002B02D10023FB613A
:1057800002E07B69013B7B61FB681B689A68BB6830
:105790001340BA689A420CBF01230023DBB21A46B9
:1057A000FB799A429AD1002318462037BD4680BD26
:1057B0003400002080B586B002AFF860B9607A602E
:1057C000FB685B68B3F5827F11D1FB689B68B3F51A
:1057D000004F04D0FB689B68B3F5806F07D1FB686E
:1057E0001B681A68FB681B6822F040021A60FB689D
:1057F0005B68B3F5827F2AD1FB689B68B3F5806F45
:1058000012D07B680093BB6800228021F868FFF704
:1058100049FF0346002B2DD0FB685B6D43F020024F
:10582000FB685A65032326E07B680093BB6800226F
:105830000121F868FFF736FF0346002B1AD0FB68FA
:105840005B6D43F02002FB685A65032313E07B681D
:105850000093BB6800220121F868FFF723FF03468D
:10586000002B07D0FB685B6D43F02002FB685A6594
:10587000032300E0002318461037BD4680BD00001A
:1058800080B588B002AFF860B9607A607B68009339
:10589000BB6801220221F868FFF704FF0346002BD2
:1058A00007D0FB685B6D43F02002FB685A65032359
:1058B00032E01B4B1B681B4AA2FB03235B0D4FF41A
:1058C0007A7202FB03F37B61FB685B68B3F5827F4E
:1058D00012D17B680093BB6800228021F868FFF733
:1058E000E1FE0346002B16D0FB685B6D43F02002FF
:1058F000FB685A6503230FE07B69002B0AD07B69A4
:10590000013B7B61FB681B689B6803F08003802B75
:10591000F2D000E000BF002318461837BD4680BD16
:1059200034000020819F5E1680B582B000AF7860A1
:105930007B68002B01D1012341E07B6893F83D3067
:10594000DBB2002B06D17B68002283F83C2078680C
:10595000FDF782FA7B68022283F83D207B681A6893
:105960007B6804331946104600F07AFD7B680122FB
:1059700083F846207B68012283F83E207B68012261
:1059800083F83F207B68012283F840207B68012256
:1059900083F841207B68012283F842207B68012242
:1059A00083F843207B68012283F844207B6801222E
:1059B00083F845207B68012283F83D2000231846A8
:1059C0000837BD4680BD80B582B000AF78607B6887
:1059D000002B01D1012341E07B6893F83D30DBB21D
:1059E000002B06D17B68002283F83C20786800F009
:1059F00039F87B68022283F83D207B681A687B684F
:105A000004331946104600F02BFD7B68012283F811
:105A100046207B68012283F83E207B68012283F8C0
:105A20003F207B68012283F840207B68012283F8B5
:105A300041207B68012283F842207B68012283F8A1
:105A400043207B68012283F844207B68012283F88D
:105A500045207B68012283F83D2000231846083743
:105A6000BD4680BD80B483B000AF786000BF0C3706
:105A7000BD465DF8047B704780B584B000AF7860A8
:105A800039603B68002B09D17B6893F83E30DBB26C
:105A9000012B14BF01230023DBB222E03B68042B5F
:105AA00009D17B6893F83F30DBB2012B14BF01238F
:105AB0000023DBB215E03B68082B09D17B6893F823
:105AC0004030DBB2012B14BF01230023DBB208E01E
:105AD0007B6893F84130DBB2012B14BF0123002314
:105AE000DBB2002B01D0012368E03B68002B04D11E
:105AF0007B68022283F83E2013E03B68042B04D12C
:105B00007B68022283F83F200BE03B68082B04D11E
:105B10007B68022283F8402003E07B68022283F83E
:105B200041207B681B6801223968184600F044FF59
:105B30007B681B68234A934207D17B681B685A6CB9
:105B40007B681B6842F400425A647B681B681D4AEC
:105B5000934218D07B681B68B3F1804F13D07B68E9
:105B60001B68194A93420ED07B681B68174A934200
:105B700009D07B681B68164A934204D07B681B6877
:105B8000144A934211D17B681B689B6803F007039A
:105B9000FB60FB68062B10D07B681B681A687B686B
:105BA0001B6842F001021A6007E07B681B681A68F4
:105BB0007B681B6842F001021A6000231846103708
:105BC000BD4680BD000001400004004000080040C8
:105BD000000C00400040014080B582B000AF78600A
:105BE00039607B681B6800223968184600F0E4FEC3
:105BF0007B681B68294A934217D17B681B681A6A25
:105C000041F211131340002B0FD17B681B681A6AF5
:105C100040F244431340002B07D17B681B685A6C49
:105C20007B681B6822F400425A647B681B681A6A0E
:105C300041F211131340002B0FD17B681B681A6AC5
:105C400040F244431340002B07D17B681B681A685D
:105C50007B681B6822F001021A603B68002B04D1AC
:105C60007B68012283F83E2013E03B68042B04D1BB
:105C70007B68012283F83F200BE03B68082B04D1AE
:105C80007B68012283F8402003E07B68012283F8CF
:105C90004120002318460837BD4680BD0000014062
:105CA00080B586B000AF786039607B68002B01D189
:105CB000012397E07B6893F83D30DBB2002B06D1DF
:105CC0007B68002283F83C207868FDF703F97B6845
:105CD000022283F83D207B681B689B687A68126803
:105CE00023F4804323F0070393607B681A687B6882
:105CF00004331946104600F0B3FB7B681B689B68B1
:105D00007B617B681B689B693B617B681B681B6AC6
:105D1000FB603B681B687A6913437B613B6923F432
:105D2000407323F003033B613B689A683B689B69BF
:105D30001B0213433A6913433B613B6923F44063FD
:105D400023F00C033B613B6923F4704323F0F00321
:105D50003B613B68DA683B68DB691B0213433A69C5
:105D600013433B613B681B691A013B681B6A1B03B9
:105D700013433A6913433B61FB6823F02203FB6042
:105D8000FB6823F08803FB603B685A683B685B69EB
:105D90001B011343FA681343FB607B681B687A6935
:105DA0009A607B681B683A699A617B681B68FA682D
:105DB0001A627B68012283F846207B68012283F8FF
:105DC0003E207B68012283F83F207B68012283F814
:105DD00042207B68012283F843207B68012283F8FC
:105DE0003D20002318461837BD4680BD80B584B0DD
:105DF00000AF786039607B6893F83E30FB737B6856
:105E000093F83F30BB737B6893F842307B737B68B9
:105E100093F843303B733B68002B10D1FB7B012B85
:105E200002D17B7B012B01D0012369E07B68022238
:105E300083F83E207B68022283F8422031E03B68F1
:105E4000042B10D1BB7B012B02D13B7B012B01D05A
:105E5000012355E07B68022283F83F207B68022201
:105E600083F843201DE0FB7B012B08D1BB7B012B7A
:105E700005D17B7B012B02D13B7B012B01D0012380
:105E80003EE07B68022283F83E207B68022283F892
:105E90003F207B68022283F842207B68022283F83D
:105EA00043203B68002B03D03B68042B08D00FE055
:105EB0007B681B6801220021184600F07DFD16E07A
:105EC0007B681B6801220421184600F075FD0EE076
:105ED0007B681B6801220021184600F06DFD7B687D
:105EE0001B6801220421184600F066FD00BF7B6894
:105EF0001B681A687B681B6842F001021A60002365
:105F000018461037BD4680BD80B584B000AF7860BC
:105F10007B681B68DB68FB607B681B681B69BB6078
:105F2000BB6803F00203002B20D0FB6803F00203E0
:105F3000002B1BD07B681B686FF002021A617B6824
:105F400001221A777B681B689B6903F00303002B0F
:105F500003D0786800F065FA05E0786800F057FA39
:105F6000786800F068FA7B6800221A77BB6803F053
:105F70000403002B20D0FB6803F00403002B1BD08C
:105F80007B681B686FF004021A617B6802221A7733
:105F90007B681B689B6903F44073002B03D078680F
:105FA00000F03FFA05E0786800F031FA786800F018
:105FB00042FA7B6800221A77BB6803F00803002BC3
:105FC00020D0FB6803F00803002B1BD07B681B6804
:105FD0006FF008021A617B6804221A777B681B68DD
:105FE000DB6903F00303002B03D0786800F019FA93
:105FF00005E0786800F00BFA786800F01CFA7B681E
:1060000000221A77BB6803F01003002B20D0FB6836
:1060100003F01003002B1BD07B681B686FF010028D
:106020001A617B6808221A777B681B68DB6903F4B6
:106030004073002B03D0786800F0F3F905E078682E
:1060400000F0E5F9786800F0F6F97B6800221A772D
:10605000BB6803F00103002B0CD0FB6803F00103C5
:10606000002B07D07B681B686FF001021A6178680B
:1060700000F0C3F9BB6803F08003002B0CD0FB6871
:1060800003F08003002B07D07B681B686FF0800251
:106090001A61786800F080FDBB6803F04003002BB4
:1060A0000CD0FB6803F04003002B07D07B681B6813
:1060B0006FF040021A61786800F0C7F9BB6803F01E
:1060C0002003002B0CD0FB6803F02003002B07D02B
:1060D0007B681B686FF020021A61786800F052FD3F
:1060E00000BF1037BD4680BD80B586B000AFF860F8
:1060F000B9607A600023FB75FB6893F83C30012B94
:1061000001D10223AEE0FB68012283F83C207B68CA
:106110000C2B00F29F8001A252F823F0516100087D
:106120005562000855620008556200089161000838
:10613000556200085562000855620008D3610008E6
:106140005562000855620008556200081362000895
:10615000FB681B68B968184600F008FAFB681B6802
:106160009A69FB681B6842F008029A61FB681B6829
:106170009A69FB681B6822F004029A61FB681B683D
:106180009969BB681A69FB681B680A439A6164E0F5
:10619000FB681B68B968184600F04EFAFB681B687C
:1061A0009A69FB681B6842F400629A61FB681B688D
:1061B0009A69FB681B6822F480629A61FB681B681D
:1061C0009969BB681B691A02FB681B680A439A61DC
:1061D00043E0FB681B68B968184600F099FAFB6851
:1061E0001B68DA69FB681B6842F00802DA61FB6829
:1061F0001B68DA69FB681B6822F00402DA61FB683D
:106200001B68D969BB681A69FB681B680A43DA61B5
:1062100023E0FB681B68B968184600F0E3FAFB68E6
:106220001B68DA69FB681B6842F40062DA61FB688C
:106230001B68DA69FB681B6822F48062DA61FB681C
:106240001B68D969BB681B691A02FB681B680A4393
:10625000DA6102E00123FB7500BFFB68002283F8CE
:106260003C20FB7D18461837BD4680BD80B584B004
:1062700000AF786039600023FB737B6893F83C3093
:10628000012B01D10223B4E07B68012283F83C207A
:106290007B68022283F83D207B681B689B68BB609B
:1062A000BB6823F07703BB60BB6823F47F43BB600C
:1062B0007B681B68BA689A603B681B68B3F5005F2F
:1062C0003ED0B3F5005F00F28780B3F5805F00F049
:1062D0008680B3F5805F7FD8702B1AD0702B7BD867
:1062E000602B50D0602B77D8502B3CD0502B73D8DC
:1062F000402B58D0402B6FD8302B64D0302B6BD82C
:10630000202B60D0202B67D8002B5CD0102B5AD0CC
:1063100062E07B6818683B6899683B685A683B682C
:10632000DB6800F029FB7B681B689B68BB60BB686F
:1063300043F07703BB607B681B68BA689A604FE0E4
:106340007B6818683B6899683B685A683B68DB68FB
:1063500000F012FB7B681B689A687B681B6842F43C
:1063600080429A603CE07B6818683B6859683B68EB
:10637000DB681A4600F086FA7B681B6850211846D5
:1063800000F0DFFA2CE07B6818683B6859683B68CE
:10639000DB681A4600F0A5FA7B681B686021184686
:1063A00000F0CFFA1CE07B6818683B6859683B68CE
:1063B000DB681A4600F066FA7B681B6840211846C5
:1063C00000F0BFFA0CE07B681A683B681B6819464E
:1063D000104600F0B6FA03E00123FB7300E000BFB3
:1063E0007B68012283F83D207B68002283F83C20F3
:1063F000FB7B18461037BD4680BD80B483B000AF2C
:10640000786000BF0C37BD465DF8047B704780B4F0
:1064100083B000AF786000BF0C37BD465DF8047BE9
:10642000704780B483B000AF786000BF0C37BD46C2
:106430005DF8047B704780B483B000AF786000BF24
:106440000C37BD465DF8047B704780B483B000AF65
:10645000786000BF0C37BD465DF8047B70470000D4
:1064600080B485B000AF786039607B681B68FB60E2
:106470007B68374A93420FD07B68B3F1804F0BD0D3
:106480007B68344A934207D07B68334A934203D0F7
:106490007B68324A934208D1FB6823F07003FB60AB
:1064A0003B685B68FA681343FB607B68284A934249
:1064B0001BD07B68B3F1804F17D07B68254A93428D
:1064C00013D07B68244A93420FD07B68234A9342BF
:1064D0000BD07B68224A934207D07B68214A9342C3
:1064E00003D07B68204A934208D1FB6823F44073B1
:1064F000FB603B68DB68FA681343FB60FB6823F0D2
:1065000080023B685B691343FB603B689A687B6869
:10651000DA623B681A687B689A627B680C4A93422D
:1065200003D13B681A697B681A637B681B6843F078
:1065300004027B681A607B6801225A617B68FA68F2
:106540001A6000BF1437BD465DF8047B704700BF7A
:10655000000001400004004000080040000C004022
:1065600000400140004401400048014080B487B031
:1065700000AF786039607B681B6A7B617B681B6A4F
:1065800023F001027B681A627B685B683B617B6871
:106590009B69FB60FB6823F07003FB60FB6823F0E2
:1065A0000303FB603B681B68FA681343FB607B696D
:1065B00023F002037B613B689B687A6913437B612C
:1065C0007B681C4A93420CD17B6923F008037B61F2
:1065D0003B68DB687A6913437B617B6923F00403C2
:1065E0007B617B68134A934211D13B6923F480732A
:1065F0003B613B6923F400733B613B685B693A692B
:1066000013433B613B689B693A6913433B617B6879
:106610003A695A607B68FA689A613B685A687B6895
:106620005A637B687A691A6200BF1C37BD465DF801
:10663000047B70470000014080B487B000AF7860F1
:1066400039607B681B6A7B617B681B6A23F01002E0
:106650007B681A627B685B683B617B689B69FB6057
:10666000FB6823F4E043FB60FB6823F44073FB60AA
:106670003B681B681B02FA681343FB607B6923F0CD
:1066800020037B613B689B681B017A6913437B6134
:106690007B681E4A93420DD17B6923F080037B61A6
:1066A0003B68DB681B017A6913437B617B6923F0DC
:1066B00040037B617B68154A934213D13B6923F405
:1066C00080633B613B6923F400633B613B685B692A
:1066D0009B003A6913433B613B689B699B003A69A5
:1066E00013433B617B683A695A607B68FA689A6138
:1066F0003B685A687B689A637B687A691A6200BF54
:106700001C37BD465DF8047B704700BF00000140A8
:1067100080B487B000AF786039607B681B6A7B61AA
:106720007B681B6A23F480727B681A627B685B68F3
:106730003B617B68DB69FB60FB6823F07003FB60F7
:10674000FB6823F00303FB603B681B68FA68134394
:10675000FB607B6923F400737B613B689B681B02D1
:106760007A6913437B617B681D4A93420DD17B6933
:1067700023F400637B613B68DB681B027A69134387
:106780007B617B6923F480637B617B68144A93425D
:1067900013D13B6923F480533B613B6923F40053DD
:1067A0003B613B685B691B013A6913433B613B6892
:1067B0009B691B013A6913433B617B683A695A60E4
:1067C0007B68FA68DA613B685A687B68DA637B68E1
:1067D0007A691A6200BF1C37BD465DF8047B7047BA
:1067E0000000014080B487B000AF786039607B68FA
:1067F0001B6A3B617B681B6A23F480527B681A62C8
:106800007B685B687B617B68DB69FB60FB6823F40A
:10681000E043FB60FB6823F44073FB603B681B684C
:106820001B02FA681343FB603B6923F400533B618E
:106830003B689B681B033A6913433B617B68104AC2
:10684000934209D17B6923F480437B613B685B6998
:106850009B017A6913437B617B687A695A607B6824
:10686000FA68DA613B685A687B681A647B683A693F
:106870001A6200BF1C37BD465DF8047B704700BF3D
:106880000000014080B487B000AFF860B9607A6062
:10689000FB681B6A7B61FB681B6A23F00102FB68D3
:1068A0001A62FB689B693B613B6923F0F0033B6123
:1068B0007B681B013A6913433B617B6923F00A0340
:1068C0007B617A69BB6813437B61FB683A699A61B3
:1068D000FB687A691A6200BF1C37BD465DF8047B0D
:1068E000704780B487B000AFF860B9607A60FB6829
:1068F0001B6A7B61FB681B6A23F01002FB681A624B
:10690000FB689B693B613B6923F470433B617B6897
:106910001B033A6913433B617B6923F0A0037B614E
:10692000BB681B017A6913437B61FB683A699A6112
:10693000FB687A691A6200BF1C37BD465DF8047BAC
:10694000704780B485B000AF786039607B689B6821
:10695000FB60FB6823F07003FB603A68FB6813433D
:1069600043F00703FB607B68FA689A6000BF143746
:10697000BD465DF8047B704780B487B000AFF86017
:10698000B9607A603B60FB689B687B617B6923F43C
:106990007F437B613B681A027B681A43BB681343E1
:1069A0007A6913437B61FB687A699A6000BF1C3780
:1069B000BD465DF8047B704780B487B000AFF860D7
:1069C000B9607A60BB6803F01F03012202FA03F387
:1069D0007B61FB681A6A7B69DB431A40FB681A62B9
:1069E000FB681A6ABB6803F01F03796801FA03F3B6
:1069F0001A43FB681A6200BF1C37BD465DF8047B72
:106A00007047000080B485B000AF786039607B6863
:106A100093F83C30012B01D1022350E07B68012226
:106A200083F83C207B68022283F83D207B681B684A
:106A30005B68FB607B681B689B68BB60FB6823F03E
:106A40007003FB603B681B68FA681343FB607B685C
:106A50001B68FA685A607B681B681C4A934218D00E
:106A60007B681B68B3F1804F13D07B681B68184AA2
:106A700093420ED07B681B68164A934209D07B680C
:106A80001B68154A934204D07B681B68134A9342E3
:106A90000CD1BB6823F08003BB603B685B68BA68BD
:106AA0001343BB607B681B68BA689A607B680122ED
:106AB00083F83D207B68002283F83C2000231846A1
:106AC0001437BD465DF8047B704700BF00000140ED
:106AD0000004004000080040000C0040004001405D
:106AE00080B485B000AF786039600023FB607B68BC
:106AF00093F83C30012B01D102233DE07B68012259
:106B000083F83C20FB6823F0FF023B68DB681343FB
:106B1000FB60FB6823F440723B689B681343FB6097
:106B2000FB6823F480623B685B681343FB60FB688F
:106B300023F400623B681B681343FB60FB6823F48B
:106B400080523B681B691343FB60FB6823F40052CF
:106B50003B685B691343FB60FB6823F480423B683E
:106B6000DB691343FB607B681B68FA685A647B68C7
:106B7000002283F83C20002318461437BD465DF8F8
:106B8000047B704780B483B000AF786000BF0C37DF
:106B9000BD465DF8047B704780B483B000AF786079
:106BA00000BF0C37BD465DF8047B704780B582B0EE
:106BB00000AF78607B68002B01D1012342E07B6845
:106BC00093F84130DBB2002B06D17B68002283F8BA
:106BD00040207868FCF798FA7B68242283F84120EB
:106BE0007B681B68DA687B681B6822F40052DA60F5
:106BF000786800F07FFD7B681B681A697B681B68FA
:106C000022F490421A617B681B685A697B681B6892
:106C100022F02A025A617B681B68DA687B681B686D
:106C200042F40052DA607B6800225A647B682022BA
:106C300083F841207B68202283F842207B68002271
:106C40005A63002318460837BD4680BD80B58AB018
:106C500002AFF860B9603B601346FB8000237B61A4
:106C6000FB6893F84130DBB2202B75D1BB68002B59
:106C700002D0FB88002B01D101236EE0FB680022CB
:106C80005A64FB68212283F84120FCF78DFC78616F
:106C9000FB68FA889A84FB68FA88DA84FB689B6848
:106CA000B3F5805F08D1FB681B69002B04D100237A
:106CB000FB61BB68BB6103E0BB68FB610023BB6198
:106CC0002EE03B6800937B6900228021F86800F089
:106CD0001DFB0346002B05D0FB68202283F84120D2
:106CE00003233AE0FB69002B0BD1BB691B881A46D2
:106CF000FB681B68C2F308025A60BB690233BB61C0
:106D000007E0FB691A78FB681B685A60FB6901336E
:106D1000FB61FB68DB8C9BB2013B9AB2FB68DA84B7
:106D2000FB68DB8C9BB2002BCBD13B6800937B696B
:106D300000224021F86800F0E9FA0346002B05D054
:106D4000FB68202283F84120032306E0FB68202211
:106D500083F84120002300E0022318462037BD4677
:106D600080BD000080B5BAB000AF78607B681B685A
:106D70001B68C7F8E4307B681B68DB68C7F8E03045
:106D80007B681B685B69C7F8DC300023C7F8D83024
:106D90000023C7F8D430D7F8E43003F00F03C7F866
:106DA000D830D7F8D830002B0FD1D7F8E43003F023
:106DB0002003002B09D0D7F8E03003F02003002B8C
:106DC00003D0786800F0D7FB73E2D7F8D830002BF7
:106DD00000F0DE80D7F8DC3003F00103002B06D191
:106DE000D7F8E03003F49073002B00F0D180D7F88F
:106DF000E43003F00103002B0BD0D7F8E03003F4AC
:106E00008073002B05D07B685B6C43F001027B68CC
:106E10005A64D7F8E43003F00403002B0BD0D7F802
:106E2000DC3003F00103002B05D07B685B6C43F082
:106E300002027B685A64D7F8E43003F00203002BA7
:106E40000BD0D7F8DC3003F00103002B05D07B68B2
:106E50005B6C43F004027B685A64D7F8E43003F0BB
:106E60000803002B11D0D7F8E03003F02003002BEB
:106E700005D1D7F8DC3003F00103002B05D07B6887
:106E80005B6C43F008027B685A647B685B6C002B88
:106E900000F00A82D7F8E43003F02003002B08D07A
:106EA000D7F8E03003F02003002B02D0786800F020
:106EB00062FB7B681B685B6903F04003402B0CBFDF
:106EC00001230023DBB2C7F8D4307B685B6C03F08E
:106ED0000803002B03D1D7F8D430002B4FD07868AB
:106EE00000F06DFA7B681B685B6903F04003402B80
:106EF00041D17B681B681433C7F89C30D7F89C30AD
:106F000053E8003FC7F89830D7F8983023F0400393
:106F1000C7F8D0307B681B681433D7F8D020C7F887
:106F2000A820C7F8A430D7F8A410D7F8A82041E8C3
:106F30000023C7F8A030D7F8A030002BD9D17B6848
:106F4000DB6B002B13D07B68DB6B8A4A1A657B688E
:106F5000DB6B1846FDF7CBF80346002B16D07B6899
:106F6000DB6B1B6D7A68D26B104698470EE0786831
:106F700000F0B6F90AE0786800F0B2F906E0786847
:106F800000F0AEF97B6800225A648DE100BF8BE10E
:106F90007B681B6B012B40F06781D7F8E43003F06E
:106FA0001003002B00F06081D7F8E03003F01003ED
:106FB000002B00F059810023BB607B681B681B68B5
:106FC000BB607B681B685B68BB60BB687B681B68D9
:106FD0005B6903F04003402B40F0CE807B68DB6BA5
:106FE0001B685B68A7F8BE30B7F8BE30002B00F016
:106FF000A9807B689B8DB7F8BE209A4280F0A28062
:107000007B68B7F8BE20DA857B68DB6BDB69B3F59C
:10701000807F00F088807B681B680C33C7F888305D
:10702000D7F8883053E8003FC7F88430D7F8843069
:1070300023F48073C7F8B8307B681B680C33D7F82B
:10704000B820C7F89420C7F89030D7F89010D7F838
:10705000942041E80023C7F88C30D7F88C30002BFF
:10706000D9D17B681B6814337B677B6F53E8003F83
:107070003B673B6F23F00103C7F8B4307B681B68A4
:107080001433D7F8B420C7F88020FB67F96FD7F81E
:10709000802041E80023BB67BB6F002BE1D17B68F8
:1070A0001B6814333B663B6E53E8003FFB65FB6D8A
:1070B00023F04003C7F8B0307B681B681433D7F85F
:1070C000B020FA66BB66B96EFA6E41E800237B66B3
:1070D0007B6E002BE3D17B68202283F842207B6803
:1070E00000221A637B681B680C33FB64FB6C53E85B
:1070F000003FBB64BB6C23F01003C7F8AC307B6867
:107100001B680C33D7F8AC20BA657B65796DBA6D16
:1071100041E800233B653B6D002BE3D17B68DB6BD3
:107120001846FCF774FF7B6802225A637B689A8DCD
:107130007B68DB8D9BB2D31A9BB21946786800F04E
:10714000D9F8B3E07B689B8DB7F8BE209A4240F037
:10715000AD807B68DB6BDB69B3F5807F40F0A68098
:107160007B6802225A637B689B8D1946786800F021
:10717000C1F89BE0857400087B689A8D7B68DB8D85
:107180009BB2D31AA7F8CE307B68DB8D9BB2002B65
:1071900000F08E80B7F8CE30002B00F089807B683D
:1071A0001B680C33BB63BB6B53E8003F7B637B6B9B
:1071B00023F49073C7F8C8307B681B680C33D7F88A
:1071C000C8207A643B64396C7A6C41E80023FB6325
:1071D000FB6B002BE3D17B681B6814337B627B6AFB
:1071E00053E8003F3B623B6A23F00103C7F8C43019
:1071F0007B681B681433D7F8C4203A63FB62F96AD2
:107200003A6B41E80023BB62BB6A002BE3D17B6889
:10721000202283F842207B6800221A637B681B6867
:107220000C333B613B6953E8003FFB60FB6823F094
:107230001003C7F8C0307B681B680C33D7F8C02038
:10724000FA61BB61B969FA6941E800237B617B6936
:10725000002BE3D17B6802225A63B7F8CE3019467F
:10726000786800F047F823E0D7F8E43003F08003B3
:10727000002B09D0D7F8E03003F08003002B03D0B7
:10728000786800F010F914E0D7F8E43003F0400318
:10729000002B0ED0D7F8E03003F04003002B08D0CD
:1072A000786800F050F904E000BF02E000BF00E0A1
:1072B00000BFE837BD4680BD80B483B000AF7860C2
:1072C00000BF0C37BD465DF8047B704780B483B0C7
:1072D00000AF786000BF0C37BD465DF8047B704797
:1072E00080B483B000AF786000BF0C37BD465DF856
:1072F000047B704780B483B000AF78600B467B801E
:1073000000BF0C37BD465DF8047B704780B586B082
:1073100000AFF860B9603B601346FB713BE03B6A2D
:10732000B3F1FF3F37D0FCF73FF902463B68D31A71
:107330003A6A9A4202D33B6A002B01D103233AE016
:10734000FB681B68DB6803F00403002B23D0BB68D9
:10735000802B20D0BB68402B1DD0FB681B681B68AE
:1073600003F00803082B16D100237B61FB681B6820
:107370001B687B61FB681B685B687B617B69F868E5
:1073800000F01DF8FB6808225A64FB68002283F8AD
:10739000402001230FE0FB681B681A68BB6813409C
:1073A000BA689A420CBF01230023DBB21A46FB796C
:1073B0009A42B4D0002318461837BD4680BD80B429
:1073C00095B000AF78607B681B680C337B637B6B88
:1073D00053E8003F3B633B6B23F49073FB647B6893
:1073E0001B680C33FA6C3A64FB63F96B3A6C41E846
:1073F0000023BB63BB6B002BE5D17B681B68143398
:107400003B623B6A53E8003FFB61FB6923F00103E9
:10741000BB647B681B681433BA6CFA62BB62B96ADE
:10742000FA6A41E800237B627B6A002BE5D17B6826
:107430001B6B012B19D17B681B680C33FB60FB684D
:1074400053E8003FBB60BB6823F010037B647B689C
:107450001B680C337A6CBA617B617969BA6941E85F
:1074600000233B613B69002BE5D17B68202283F838
:1074700042207B6800221A6300BF5437BD465DF886
:10748000047B704780B584B000AF78607B689B6BED
:10749000FB60FB680022DA85F868FFF721FF00BF78
:1074A0001037BD4680BD80B485B000AF78607B6882
:1074B00093F84130DBB2212B3ED17B689B68B3F55A
:1074C000805F14D17B681B69002B10D17B681B6A1D
:1074D000FB60FB681B881A467B681B68C2F30802C6
:1074E0005A607B681B6A9A1C7B681A6208E07B689A
:1074F0001B6A591C7A6811621A787B681B685A608B
:107500007B68DB8C9BB2013B9BB27A681946D184C5
:10751000002B0FD17B681B68DA687B681B6822F040
:107520008002DA607B681B68DA687B681B6842F05F
:107530004002DA60002300E0022318461437BD46FB
:107540005DF8047B704780B582B000AF78607B68DF
:107550001B68DA687B681B6822F04002DA607B688F
:10756000202283F841207868FFF7A6FE0023184602
:107570000837BD4680BD80B58CB000AF7860002371
:10758000FB620023BB627B6893F84230DBB2222BA4
:1075900040F0AA807B689B68B3F5805F15D17B685B
:1075A0001B69002B11D17B689B6ABB627B681B68DF
:1075B0005B689BB2C3F308039AB2BB6A1A807B680C
:1075C0009B6A9A1C7B689A6224E07B689B6AFB62D8
:1075D0007B689B68B3F5805F07D07B689B68002B56
:1075E0000AD17B681B69002B06D17B681B685B682E
:1075F000DAB2FB6A1A7008E07B681B685B68DBB272
:1076000003F07F03DAB2FB6A1A707B689B6A5A1C2C
:107610007B689A627B68DB8D9BB2013B9BB27A6888
:107620001946D185002B5DD17B681B68DA687B68C1
:107630001B6822F02002DA607B681B68DA687B68CE
:107640001B6822F48072DA607B681B685A697B6869
:107650001B6822F001025A617B68202283F84220D5
:107660007B6800225A637B681B6B012B35D17B68DA
:1076700000221A637B681B680C337B617B6953E8CB
:10768000003F3B613B6923F010037B627B681B6812
:107690000C337A6A3A62FB61F9693A6A41E800237D
:1076A000BB61BB69002BE5D17B681B681B6803F0DD
:1076B0001003102B0AD10023FB607B681B681B683A
:1076C000FB607B681B685B68FB60FB687B689B8D6D
:1076D00019467868FFF70EFE02E07868FFF7F6FDBE
:1076E000002302E0002300E0022318463037BD46A5
:1076F00080BD00002DE9B04FC0B000AFC7F8F40066
:10770000D7F8F4301B681B6923F44050D7F8F430E5
:10771000D968D7F8F4301A6840EA01031361D7F842
:10772000F4309A68D7F8F4301B691A43D7F8F4306C
:107730005B691A43D7F8F430DB691343C7F8F830B4
:10774000D7F8F4301B68DB6823F4164121F00C01F4
:10775000D7F8F4301A68D7F8F8300B43D360D7F86D
:10776000F4301B685B6923F44070D7F8F4309969F2
:10777000D7F8F4301A6840EA01035361D7F8F430BF
:107780001A688F4B9A4205D0D7F8F4301A688D4B9F
:107790009A4204D1FDF7E2FAC7F8FC0003E0FDF7D6
:1077A000C9FAC7F8FC00D7F8F430DB69B3F5004F2D
:1077B00040F00C81D7F8FC300022C7F8E830C7F859
:1077C000EC20D7E93A4522462B469118B9655B4132
:1077D000FB65D7E91623214612EB0108294643EB46
:1077E00001094FF000024FF000034FEAC90343EADA
:1077F00058734FEAC80290469946234618EB030394
:10780000C7F8E0302B4649EB0303C7F8E430D7F85C
:10781000F4305B680022C7F8D830C7F8DC20D7E91D
:1078200036120B46DB183B65134642EB03037B65C0
:10783000D7E91423D7E93801F9F7BEF902460B4618
:10784000614BA3FB02235B091C01D7F8FC3000222B
:10785000C7F8D030C7F8D420D7E9348942464B4620
:107860009118B9645B41FB64D7E91223414612EBDE
:10787000010A494643EB010B4FF000024FF00003B1
:107880004FEACB0343EA5A734FEACA0292469B4639
:1078900043461AEB0303C7F8C8304B464BEB0303D0
:1078A000C7F8CC30D7F8F4305B680022C7F8C03096
:1078B000C7F8C420D7E930120B46DB183B641346E7
:1078C00042EB03037B64D7E91023D7E93201F9F7D0
:1078D00073F902460B4611463B4BA3FB01235B09A0
:1078E000642202FB03F3CB1ADB0003F13202364BB6
:1078F000A3FB02235B095B0003F4F8731C44D7F875
:10790000FC300022C7F8B830C7F8BC20D7E92E8970
:1079100042464B469118B9635B41FB63D7E90E239E
:1079200041465118396349464B417B634FF0000291
:107930004FF00003D7E90CAB5946CB00514643EA60
:1079400051735146CA0010461946034642469B18D9
:10795000C7F8B0304B460A4642EB0303C7F8B430D1
:10796000D7F8F4305B680022C7F8A830C7F8AC201D
:10797000D7E92A120B46DB18BB62134642EB03031E
:10798000FB62D7E90A23D7E92C01F9F715F902467A
:107990000B460D4BA3FB02135B09642101FB03F3B0
:1079A000D31ADB003233084AA2FB03235B0903F03E
:1079B0000702D7F8F4301B6822449A6006E100BF42
:1079C00000100140001401401F85EB51D7F8FC3036
:1079D0000022C7F8A030C7F8A420D7E9288942467A
:1079E0004B46911839625B417B62D7E908234146D7
:1079F0005418494643EB01054FF000024FF00003D5
:107A0000EB0043EA5473E20014461D464346E31874
:107A1000C7F898304B4645EB0303C7F89C30D7F8BE
:107A2000F4305B680022C7F89030C7F894204FF01C
:107A300000024FF00003D7E9244529468B00214678
:107A400043EA917321468A00D7E92601F9F7B4F891
:107A500002460B46604BA3FB02235B091C01D7F8CF
:107A6000FC300022C7F88830C7F88C20D7E922897B
:107A700042464B469118B9615B41FB61D7E9062349
:107A800041465118396149464B417B614FF0000234
:107A90004FF00003D7E904AB5946CB00514643EA07
:107AA00051735146CA0010461946034642469B1878
:107AB000C7F880304B460A4642EB0303C7F88430D0
:107AC000D7F8F4305B680022BB67FA674FF000021A
:107AD0004FF00003D7E91E8949468B00414643EA2F
:107AE000917341468A00D7E92001F9F765F802460B
:107AF0000B461146384BA3FB01235B09642202FBB2
:107B000003F3CB1A1B013233334AA2FB03235B0975
:107B100003F0F0031C44D7F8FC3000223B677A677F
:107B2000D7E91C8942464B469118B9605B41FB601E
:107B3000D7E9022341465118396049464B417B60E1
:107B40004FF000024FF00003D7E900AB5946CB00DD
:107B5000514643EA51735146CA001046194603463E
:107B600042469B18BB664B460A4642EB0303FB6644
:107B7000D7F8F4305B6800223B667A664FF000026B
:107B80004FF00003D7E9188949468B00414643EA84
:107B9000917341468A00D7E91A01F9F70DF80246B8
:107BA0000B460D4BA3FB02135B09642101FB03F39E
:107BB000D31A1B013233084AA2FB03235B0903F0EB
:107BC0000F02D7F8F4301B6822449A6000BF07F513
:107BD0008077BD46BDE8B08F1F85EB512DE9FF478B
:107BE00057EC106B002F0C4619463B46BBBF07F104
:107BF00000431F4600232D230B700D9BDDF830A0A2
:107C0000914623F02008BCBF32461646B8F1460F15
:107C100005D0B8F1450F00D10134022100E0032165
:107C200003AB019302AB009347EC106B5346224623
:107C300000F076FEB8F1470F054619D119F0010F93
:107C40000ED000EB04090022002330463946F8F735
:107C500043FF08B1CDF80C903022039B4B451ED357
:107C6000039B0E9A5B1B2846136004B0BDE8F087A7
:107C7000B8F1460F00EB0409E5D10378302B0AD1A7
:107C80000022002330463946F8F726FF18B9C4F120
:107C90000104CAF80040DAF800309944D3E7591CCF
:107CA00003911A70D9E7F7B50029BABF49422D23CD
:107CB0002B2309290270437029DD0DF107031D46AE
:107CC0000A271A46B1FBF7F607FB1614303402F800
:107CD000014C0C46632C03F1FF333146F1DC3031AB
:107CE000941E03F8011C411C2346AB420AD30DF13C
:107CF00009039B1AAC4288BF002302330344181ABD
:107D000003B0F0BD13F8016B01F8016FEDE730230C
:107D100030318370C170031DF1E700002DE9F04F91
:107D20008DB00C46DDF8588016461F46054600F01B
:107D3000F5FC036804931846F8F7A2FA00230A93A7
:107D4000D8F800300590073323F0070303F1080249
:107D500094F818A0D4F800B0C8F80020D3E900893E
:107D600029F000430793CDF81880C4E91289DDE9B2
:107D700006019C4B4FF0FF32F8F7E0FE70BBDDE9E7
:107D80000601984B4FF0FF32F8F7BAFE30BB0022E5
:107D9000002340464946F8F7A9FE10B12D2384F888
:107DA0004330914A914BBAF1470F8CBF90469846A9
:107DB000032323612BF0040323604FF00009009795
:107DC00033460BAA2146284600F0D2F9013040F094
:107DD0008D804FF0FF300DB0BDE8F08F42464B462E
:107DE00040464946F8F7AAFE40B14B46002BBCBFBF
:107DF0002D2384F843307E4A7E4BD4E763680AF033
:107E0000DF0206925A1C3BD1062363604BF480626A
:107E10000023226003930AABCDE901A309AB0093D1
:107E2000616849EC108B0DF123032846FFF7D6FE5D
:107E3000069B0999472B804629D1C81C02DB636841
:107E4000994241DDAAF1020A5FFA8AFA01395246E3
:107E500004F150000991FFF726FF0A9A1318012A2E
:107E60008146236102DC2268D20701D501332361F8
:107E70009DF82330002BA2D02D2384F843309EE7B9
:107E8000069A472AC2D1002BC0D10123BDE7BAF11F
:107E9000650FDBD9BAF1660F18D1002963680BDDD5
:107EA000216113B92268D00702D501330B44236145
:107EB000A1654FF00009DBE713B92268D20701D5AD
:107EC0000233F4E70123F2E74FF0670A0A9B994275
:107ED00005DB23682161D807EAD54B1CE7E70029B9
:107EE000D4BFC1F1020201221344E0E723685A051E
:107EF00007D42369424631462846B84701302BD182
:107F000067E7BAF1650F40F2DD80D4E91201002283
:107F10000023F8F7E1FD002833D0374A012331462A
:107F20002846B84701303FF454AFDDE909384345EE
:107F300002DB2368D8070FD5DDE904233146284644
:107F4000B84701303FF445AF4FF0000908F1FF3862
:107F500004F11A0AC84509DC23689B0700F1038174
:107F6000E0680B9B9842B8BF184634E7012352469D
:107F700031462846B84701303FF42BAF09F10109DB
:107F8000E8E7099B002B39DC1B4A012331462846D0
:107F9000B84701303FF41DAFDDE9093959EA030361
:107FA00002D12368D907D7D5DDE904233146284615
:107FB000B84701303FF40DAF4FF0000A04F11A0B3F
:107FC000099B5B42534501DC4B4693E701235A462C
:107FD00031462846B84701303FF4FBAE0AF1010AAA
:107FE000EEE700BFFFFFEF7F70BF00086CBF000827
:107FF00078BF000874BF00087CBF0008A36DDDF8DF
:1080000028A05345A8BF5346002B994636DC4FF0B5
:10801000000B29EAE97904F11A02A36D0693A3EB98
:1080200009035B4531DC099B9A453ADC2368DA0792
:1080300037D4099BAAEB0309069BAAEB03039945D6
:10804000A8BF9946B9F1000F33DC4FF0000829EAC8
:10805000E97904F11A0B099BAAEB0303A3EB0903CB
:1080600043457FF779AF01235A4631462846B84742
:1080700001303FF4AEAE08F10108ECE7424631466C
:108080002846B8470130C2D1A3E60123314628462D
:108090000692B84701303FF49CAE069A0BF1010BF3
:1080A000BBE7DDE9042331462846B8470130C0D19B
:1080B0008FE6069A4B46424431462846B84701307F
:1080C000C3D186E6DDF828A0BAF1010F01DCDB0799
:1080D00036D50123424631462846B84701303FF4A1
:1080E00078AEDDE9042331462846B84701303FF435
:1080F00070AED4E91201002200230AF1FF3AF8F72A
:10810000EBFCC0B9534608F1010231462846B84796
:1081100001300CD15DE601235A4631462846B84766
:1081200001303FF456AE08F10108D045F3DB4B4671
:1081300004F15002DFE64FF0000804F11A0BF4E7F7
:1081400001234246E1E701234A4631462846B84723
:1081500001303FF43EAE08F10108E3680B995B1A69
:108160004345F0DCFCE64FF0000804F11909F4E7A0
:108170002DE9F047164698468A680B69DDF820908D
:108180009342B8BF1346336091F8432007460C462C
:108190000AB1013333602368990642BF3368023362
:1081A0003360256815F0060506D104F1190AE36865
:1081B00032689B1AAB4226DC94F843302268003BBD
:1081C00018BF012392062BD404F1430241463846DE
:1081D000C84701301ED02368226903F00603042B30
:1081E00002BFE5683368ED1AA3680CBF25EAE575A0
:1081F00000259342C4BF9B1AED1800261A34B542DD
:108200001AD1002008E00123524641463846C847AB
:10821000013003D14FF0FF30BDE8F0870135C6E7EC
:10822000E1185A1C302081F84300224494F845108C
:1082300082F843100233C7E70123224641463846FD
:10824000C8470130E6D00136D9E700002DE9FF47E5
:108250000F7E0C9E782F914680460C469A4601F17F
:10826000430207D8622F0AD8002F00F0D180582F80
:1082700000F0B88004F1420684F842703AE0A7F1B9
:108280006303152BF6D801A151F823F0E58200080D
:10829000F98200087582000875820008758200085E
:1082A00075820008F982000875820008758200084E
:1082B0007582000875820008F78300082383000890
:1082C000B1830008758200087582000819840008CF
:1082D00075820008238300087582000875820008F3
:1082E000B983000833681A1D1B68326004F1420626
:1082F00084F8423001239CE033682068191D316006
:10830000060601D51D6803E04506FBD5B3F900500C
:10831000002D03DA2D236D4284F8433058480A2398
:1083200011E021683368080653F8045B02D449065B
:1083300048BFADB26F2F5248336014BF0A230823E1
:10834000002184F843106668A660002E05DB2168D2
:108350002E4321F0040121604BD01646B5FBF3F10A
:1083600003FB1157C75D06F8017D2F46BB420D4642
:10837000F4D9082B0BD12368DF0708D5236961687E
:108380009942DEBF302306F8013C06F1FF36921B0E
:108390002261CDF800A04B4603AA21464046FFF7D4
:1083A000E7FE01304AD14FF0FF3004B0BDE8F0875E
:1083B000236843F0200323603248782784F845700F
:1083C000236831681F0651F8045B02D45F0648BF7A
:1083D000ADB23160D90744BF43F0200323601DB123
:1083E0001023ADE72648E9E7236823F02003236044
:1083F000F6E71646BDE7336825686169181D3060E9
:108400002E061B6801D5196002E06806FBD51980AD
:10841000002323611646BCE733681A1D32601E68CC
:10842000626800213046F7F7DBFE08B1801B606010
:1084300063682361002384F84330AAE72369324646
:1084400049464046D0470130ADD023689B0713D43E
:10845000E068039B9842B8BF1846A6E7012332465E
:1084600049464046D04701309DD00135E368039925
:108470005B1AAB42F2DCEBE7002504F11906F5E7E5
:108480007EBF00088FBF0008002310B50446C0E976
:108490000033C0E90433836081814366C281836114
:1084A000194608225C3000F031F90D4B63620D4B28
:1084B000A3620D4BE3620D4B23630D4B24629C4280
:1084C00006D003F16802944202D0D0339C4205D119
:1084D00004F15800BDE8104000F094B910BD00BF91
:1084E0000D8600082F860008678600088B86000826
:1084F0006C150020024A0349034800F069B800BF28
:10850000400000206DA100085000002041680C4B85
:10851000994210B5044601D001F028FEA168094B2C
:10852000994202D0204601F021FEE168064B9942B3
:1085300004D02046BDE8104001F018BE10BD00BFB9
:108540006C150020D41500203C16002010B50B4BF4
:108550000B4C0C4A1A60204600220421FFF794FFBE
:1085600004F1680001220921FFF78EFF04F1D00019
:108570000222BDE810401221FFF786BFA41600209A
:108580006C150020F5840008014800F03CB900BFDC
:10859000AD160020014800F037B900BFAD1600202D
:1085A00010B50446FFF7F0FF236A1BB1BDE8104089
:1085B000FFF7F0BF044B2362044B1B68002BF5D17F
:1085C000FFF7C4FFF2E700BF0D850008A4160020E6
:1085D0002DE9F8430746884614460026D4E901955C
:1085E000B9F1010905D52468002CF7D13046BDE862
:1085F000F883AB89012B07D9B5F90E30013303D0CD
:1086000029463846C04706436835E9E710B50C46A9
:10861000B1F90E1000F0A8F80028ABBF636DA38974
:108620001B1823F48053ACBF6365A38110BD2DE9F3
:10863000F0411F468B89DB0505460C46164605D5DD
:10864000B1F90E100223002200F07CF8A389B4F9DE
:108650000E1023F48053A38132463B462846BDE8E2
:10866000F04100F093B810B50C46B1F90E1000F0CF
:1086700069F8431CA38915BF606523F4805343F454
:108680008053A38118BFA38110BDB1F90E1000F073
:1086900049B830B51446002C9BB005461A4605DA99
:1086A0008B2303604FF0FF301BB030BD4FF40273DB
:1086B000ADF80C304FF00003199314BF04F1FF33F1
:1086C0002346029305934FF6FF7300910491ADF892
:1086D0000E3069461E9B01F0C9FB431CBCBF8B23B7
:1086E0002B60002CE0D0009B00221A70DCE7000019
:1086F00007B5009313460A46014603480068FFF792
:10870000C8FF03B05DF804FB4C00002002440346A0
:10871000934200D1704703F8011BF9E70048704706
:108720008C01002038B5064D0023044608462B6016
:10873000FAF7E8FD431C02D12B6803B1236038BD72
:10874000A816002038B5074D0446084611460022F9
:108750002A601A46FAF7FDFD431C02D12B6803B1CB
:10876000236038BDA816002038B5074D04460846DA
:10877000114600222A601A46FAF78BFD431C02D1EB
:108780002B6803B1236038BDA816002038B5074D0B
:1087900004460846114600222A601A46FAF796FD5A
:1087A000431C02D12B6803B1236038BDA8160020FA
:1087B000014B1868704700BF4C00002070B50D4D8C
:1087C0000D4C641BA4100026A64209D10B4D0C4C85
:1087D00002F098F8641BA4100026A64205D170BDD3
:1087E00055F8043B98470136EEE755F8043B9847A7
:1087F0000136F2E7ECC20008ECC20008ECC2000847
:10880000F0C200087047704770472DE9F74F0369C1
:108810000C69A34207467EDB013C01F11408A3006A
:1088200000F11405009305EB8403019358F82430FC
:1088300055F8242001339A4208EB8409B2FBF3F681
:108840002ED34FF0000AC446AE46D3465CF8043B34
:1088500098B206FB00A0020C1B0C06FB0323DEF8FB
:10886000002080B292B2121A5A44DEF800004FEA99
:10887000134A9BB2C3EB224303EB104392B242EA8A
:108880000342E1454EF8042B4FEA234BDED2009B16
:10889000EB582BB9019B043B9D421A462FD33C61F8
:1088A000384601F07FF9002825DB2946002058F8DA
:1088B000042BD1F800C01FFA82FE1FFA8CF3A3EB41
:1088C0000E030344120CC2EB234202EB1C429BB288
:1088D00043EA0243C14541F8043B4FEA2240E6D255
:1088E00055F8242005EB840322B9043B9D421A4627
:1088F0000BD33C610136304603B0BDE8F08F1268FF
:10890000043B002ACBD1013CC6E71268043B002A95
:10891000EFD1013CEAE70020EEE700000000000094
:108920002DE9F04FC76997B08DED040B55EC104B56
:10893000209E079181460C9211937FB9102000F080
:1089400009FE0246C9F81C0020B9A94BEF21A9482D
:1089500001F06CFCC0E901770760C760D9F81C30F2
:10896000196859B15A684A60012393408B604846A0
:1089700000F0E6FED9F81C3000221A602B1EB9BFA9
:1089800023F00043059300233360059F9A4BBCBF3F
:1089900001223260BB4312D1119A42F20F7313606D
:1089A000C7F31303234300F05A85219BDFF85CA231
:1089B000002B00F05C850AF1030300F056BD9DED2D
:1089C000047B002251EC170B00238DED0A7BF8F796
:1089D00083F8804658B1119A01231360219B13B18B
:1089E000219A864B1360DFF828A200F040BD9DED70
:1089F0000A0B14AA15A9484601F084F9C7F30A56D0
:108A00000290002E78D00B9BCDF84880C3F313035F
:108A1000DDE90A0143F07F5343F44013A6F2FF3629
:108A200019460022764BF7F737FC6BA3D3E90023F6
:108A3000F7F7EAFD6AA3D3E90023F7F72FFC044612
:108A400030460D46F7F776FD67A3D3E90023F7F725
:108A5000DBFD02460B4620462946F7F71FFC04467D
:108A60000D46F8F781F800220746002320462946E4
:108A7000F8F73CF840B13846F7F75CFD22462B4644
:108A8000F8F72AF800B9013F162F52D85D4B03EBD7
:108A9000C703D3E90023DDE90A01F8F727F8002826
:108AA00049D0013F00231093149B9B1B5A1E45BFC6
:108AB000C3F10103009300230023069254BF0093E7
:108AC0000693002F39DB069B0D973B44069300234A
:108AD0000893079B092B63D8052BC4BF043B07935E
:108AE000079BA3F10203CCBF00240124032B63D80E
:108AF000DFE803F05254372BDDE914631E4406F21D
:108B00003243202BC1BFC3F140039F4006F2124302
:108B100024FA03F3D6BFC3F1200347EA030004FAA3
:108B200003F0F7F7F7FC0122A1F1F873013E12926E
:108B300076E70123B7E71090B6E7009BDB1B0093B5
:108B40007B42089300230D93C3E7012309930C9BF9
:108B500007EB030B0BF10103012B0393B8BF0123B8
:108B600006E0012309930C9B002B28DD9B46039311
:108B7000D9F81C000021042202F114059D4226D9D7
:108B80004160484600F09CFD8246002842D11E4BC1
:108B9000024640F2AF11DAE60023E3E70023D5E70F
:108BA00001240023079309944FF0FF3B0022CDF8E6
:108BB0000CB012230C92DBE701230993F4E74FF08A
:108BC000010BCDF80CB05B46CDF830B0D0E70131E9
:108BD0005200D1E7AFF3008061436F63A787D23FB4
:108BE000B3C8608B288AC63FFB799F501344D33F9C
:108BF000ADBF0008C4BF00080000F07F7DBF0008C3
:108C00000000F83F18C100081CC00008A9BF0008F8
:108C10007CBF0008D9F81C301860039B0E2B00F2B3
:108C2000A180002C00F09E80002F33DD9C4B07F0CC
:108C30000F0203EBC20393ED007BF8058DED0E7B75
:108C40004FEA271416D5974BDDE90A01D3E908232B
:108C5000F7F704FECDE9040104F00F040326914D5B
:108C600054B9DDE90E23DDE90401F7F7F7FDCDE99D
:108C7000040128E00226F2E7E10708D5DDE90E014C
:108C8000D5E90023F7F7C0FCCDE90E0101366410E9
:108C90000835E5E700F0AF807C42814B814D04F060
:108CA0000F0203EBC203D3E90023DDE90A01F7F762
:108CB000ABFCCDE90401241100230226002C40F076
:108CC0008F80002BD3D1109BDDE90445002B00F0F1
:108CD0009480754B002220462946F7F707FF0028AD
:108CE00000F08B80039B002B00F08780BBF1000F0E
:108CF00034DD20466D4B00222946F7F785FCCDE98F
:108D0000040107F1FF3801365C463046F7F712FCE4
:108D1000DDE90423F7F778FC654B0022F7F7BEFA8C
:108D20000546A1F15076002C6AD1DDE90401614BC2
:108D30000022F7F7B1FA02460B46CDE904232A4692
:108D40003346F7F7F1FE002840F09882DDE9040190
:108D50002A4606F10043F7F7C9FE38BBDDE90A34BD
:108D6000CDE90434159B002BC0F257810E2F00F380
:108D700054814B4B03EBC70393ED007B0C9B002B03
:108D80008DED007B80F2E580039B002B00F3E180FA
:108D90000CD1484B002251EC170BF7F735FCDDE9FD
:108DA0000423F7F7B7FE002800F06682002425466A
:108DB0000C9B56466FEA030800272146484600F000
:108DC000BFFC002D00F0BD802FB1AF4203D039466B
:108DD000484600F0B5FC2946484600F0B1FCB0E03A
:108DE000E20705D5D5E90023F7F70EFC013601238C
:108DF0006410083562E7022665E7039CB84684E7FD
:108E0000274B099903EBC40353E902235444002977
:108E100054D029490020F7F721FD33462A46F7F7B9
:108E20003BFACDE90E015646DDE90401F7F79CFE59
:108E30000546F7F77FFB02460B46DDE90401F7F72D
:108E40002BFA303502460B46CDE9042306F8015BC8
:108E5000DDE90E23F7F74AFE002872D1DDE904238D
:108E600011490020F7F718FADDE90E23F7F73EFE67
:108E7000002840F0B480A6423FF470AFDDE90E0157
:108E80000A4B0022F7F7C0FB084BCDE90E01002288
:108E9000DDE90401F7F7B8FBCDE90401C4E700BF41
:108EA00018C10008F0C000080000F03F0000244096
:108EB00000001C40000014400000E03F31462846FE
:108EC000F7F7A2FBCDE90E0113945646DDE9040144
:108ED000F7F74AFE0546F7F72DFB02460B46DDE99C
:108EE0000401F7F7D9F9303506F8015B02460B4665
:108EF000A642CDE904234FF0000224D1AF4BDDE9B7
:108F00000E01F7F7CBF902460B46DDE90401F7F74E
:108F10000BFE002863D1DDE90E23A8490020F7F7F6
:108F2000BBF902460B46DDE90401F7F7DFFD002837
:108F30003FF414AF139E731E139316F8013C302BAD
:108F4000F8D047463BE09E4BF7F75EFBCDE90401C6
:108F5000BCE7DDE904455646DDE900232046294605
:108F6000F7F77CFCF7F700FE8046F7F7E3FADDE958
:108F70000023F7F749FB02460B462046294608F135
:108F80003004F7F789F906F8014B039DA6EB0A04B4
:108F9000A54202460B4633D1F7F780F9DDE90023FD
:108FA00004460D46F7F7C0FDC0B9DDE900232046B1
:108FB0002946F7F791FD10B118F0010F0ED1029973
:108FC000484600F0BDFB00233370119B01371F6042
:108FD000219B002B00F04B821E6048E2B8463346CE
:108FE0001E4613F8012D392A06D19A45F8D13022B0
:108FF00008F101088AF800201A7801321A70A0E7F7
:109000006F4B0022F7F700FB0022002304460D46B9
:10901000F7F762FD00289FD0D1E7099A002A00F0F7
:10902000EA80079A012A00F3CD80129A002A00F004
:10903000C18003F23343089C009E009A1A440092B8
:10904000069A01211A444846069200F02DFC054676
:1090500066B1069B002B09DDB342009AA8BF3346D8
:10906000D21A0092069AF61AD31A0693089B0BB3EB
:10907000099B002B00F0C680002C00F0C080294620
:109080002246484600F0C8FC029A0146054648467A
:1090900000F020FC02998046484600F051FB089BF6
:1090A0001B1B089300F0B180089A4146484600F027
:1090B000B3FC02900121484600F0F6FB0D9B0446EC
:1090C000002B00F0D8811A460146484600F0A4FC67
:1090D000079B012B044600F39F80049B002B40F06C
:1090E0009780059BC3F31303002B40F09380059BEF
:1090F00023F000431B0D1B0533B1009B013300938C
:10910000069B01330693012308930D9B002B00F06F
:10911000B881236904EB8303186900F079FBC0F17F
:109120002000069B184410F01F0000F08280C0F160
:109130002003042B73DD009BC0F11C00034400934B
:10914000069B034406440693009B002B05DD029911
:109150001A46484600F0BAFC0290069B002B05DD3B
:1091600021461A46484600F0B1FC0446109B002BED
:1091700061D00298214600F015FD00285BDA00233B
:1091800002990A22484600F0FDFA099B029007F175
:10919000FF38002B00F07781294600230A22484639
:1091A00000F0F0FABBF1000F05466FDC079B022BC5
:1091B00049DC6BE0149BC3F136033CE70000E03F61
:1091C00000002440039B5C1E089BA34209DB1C1B80
:1091D000039B002BBFF630AF009B039A9E1A00231F
:1091E0002BE7089B0D9A0894E31A1A44009E039BF0
:1091F0000D92002421E7089C009E099D28E7DDF8D8
:10920000088051E7089A029950E7CDF8088051E7A5
:10921000002379E7049B77E70023089379E793D04D
:10922000009A1C331A440092069A1A441E4406926D
:109230008AE70346F4E7039B002BB84620DC9B46F5
:10924000079B022B1EDDBBF1000F7FF4B1AD214661
:109250005B460522484600F095FA0146044602980E
:1092600000F0A0FC00287FF7A3AD5646312306F896
:10927000013B08F101089FE5039CB8462546F4E749
:10928000DDF80CB0099B002B00F00181002E05DDFC
:1092900029463246484600F019FC0546089B002B3B
:1092A0005CD06968484600F00BFA064628B9824B44
:1092B000024640F2EF21FFF74ABB2A6902329200D0
:1092C00005F10C010C3000F0A3FF012231464846A5
:1092D00000F0FCFB0AF1010300930AEB0B03089377
:1092E000049B03F001032F4606930546009B02985A
:1092F000214603F1FF3BFFF788FA03463033039022
:1093000039460298099300F04DFC2A460490214604
:10931000484600F063FCC268099B064602BB014652
:10932000029800F03FFC099B0246314648460C92E9
:10933000099300F005FA079B0C9A009E42EA03018C
:10934000069B1943099B0DD1392B27D0049A002A7B
:1093500001DD039B31338BF800302EE52846B9E759
:109360000122E2E70499002904DB079801430698EB
:10937000014320D1002AEEDD0299009301224846E4
:1093800000F0A4FB2146029000F00CFC0028009B9A
:1093900002DCE0D1DA07DED5392BDAD139238BF8BC
:1093A000003033461E46013B16F8012C392A4ED0B8
:1093B00001321A7001E5002A03DD392BEED00133AA
:1093C000C9E7009A089902F8013C8A4228D002991C
:1093D00000230A22484600F0D5F9AF4202904FF030
:1093E00000034FF00A023946484607D100F0CAF997
:1093F00007460546009B0133009377E700F0C2F96A
:109400002946074600230A22484600F0BBF90546D4
:10941000F0E7BBF1000FCCBF5E46012656440027A3
:10942000029900930122484600F050FB2146029029
:1094300000F0B8FB0028B4DC02D1009BDB07B0D4FD
:1094400033461E4613F8012D302AFAD0B5E49A456A
:10945000A8D1312308F101088AF80030ADE4219B3E
:10946000DFF858A01BB10AF10803219A1360504697
:1094700017B0BDE8F08F079B012B7FF72EAE0D9B39
:10948000089301204DE6BBF1000F7FF7D9AE564699
:1094900002982146FFF7B9F900F1300306F8013BC5
:1094A000A6EB0A029345B4DD029900230A2248463E
:1094B00000F068F90290EBE71CC00008A0BF0008AC
:1094C00038B50546002941D051F8043C0C1F002B4B
:1094D000B8BFE41800F0E8F81D4A136833B96360B8
:1094E00014602846BDE8384000F0E4B8A34208D92B
:1094F000206821188B4201BF19685B680918216038
:10950000EDE71A465B680BB1A342FAD9116850180F
:10951000A0420BD120680144501883421160E0D171
:1095200018685B68536008441060DAE702D90C23BE
:109530002B60D6E7206821188B4204BF19685B684E
:10954000636004BF091821605460CAE738BD00BFDA
:10955000B4160020024B0146186800F025B800BF81
:109560004C00002070B50F4E0C463168054611B90D
:1095700000F03EFE30602146284600F039FE431CD4
:1095800003D14FF0FF34204670BDC41C24F0030407
:10959000A042F8D0211A284600F02AFE0130F2D16C
:1095A000EFE700BFB01600202DE9F843CD1C25F0F1
:1095B000030508350C2D38BF0C25002D064601DBB0
:1095C000A94204D90C2333600020BDE8F883DFF8FA
:1095D000D48000F069F8D8F800301C4644BB294616
:1095E0003046FFF7BFFF431C044658D1D8F800406F
:1095F0002746002F43D1002C4BD0236839463046F4
:1096000004EB030900F0F4FD814542D121686D1A95
:1096100029463046FFF7A6FF01303AD023682B4495
:109620002360D8F800305A6862BBC8F800700FE0B9
:109630002268521B20D40B2A17D96119A342256036
:1096400018BF5960636808BFC8F8001062514B60CA
:10965000304600F02FF804F10B00231D20F0070026
:10966000C21A1CBF1B1AA350AFE76268A3420CBF0B
:10967000C8F800205A60EBE723466468AEE73C4632
:109680007F68B6E71A465B68A342FBD100235360AC
:10969000DEE70C233360304600F00CF894E70560F9
:1096A000D6E700BFB41600200148FFF7ACB800BFF2
:1096B000AC1600200148FFF7A7B800BFAC16002089
:1096C00070B5C66904460D4676B91020FFF742FF13
:1096D0000246E06120B9184B18486B2100F0A6FD46
:1096E000C0E901660660C660E669F36883B1E369B4
:1096F000DB6853F82500B8B9012101FA05F6721D9F
:109700009200204600F0B0FD60B1C0E901560EE0C5
:1097100021220421204600F0A7FDE369F060DB6808
:10972000002BE4D1002070BD026843F825200023FF
:10973000C0E90333F7E700BFADBF00082DC0000844
:1097400070B5C66905460C4676B91020FFF702FFD2
:109750000246E86120B9094B09488F2100F066FDF7
:10976000C0E901660660C6603CB1EB696268DB680F
:1097700053F82210216043F8224070BDADBF0008AD
:109780002DC000082DE9F0410D6907460C461E4624
:1097900001F1140C0020DCF8003099B202FB0161E9
:1097A0001E0C0B0C02FB063389B2013001EB0341A6
:1097B00085424CF8041B4FEA1346ECDC0EB3A36859
:1097C000AB4219DC616838460131FFF779FF80460A
:1097D00028B902460C4B0D48BA2100F027FD22693A
:1097E000023204F10C0192000C3000F011FD214610
:1097F0003846FFF7A5FF444604EB850301355E615B
:1098000025612046BDE8F0811CC000082DC000087D
:10981000B0F5803F034636BF030400201020B3F1AB
:10982000807F3CBF1B020830B3F1805F3CBF1B014F
:109830000430B3F1804F3CBF9B000230002B05DBAE
:1098400013F0804F00F1010008BF2020704703682B
:10985000024613F007000BD0D90721D4980749BF5F
:109860005B089B08012013605CBF136002207047F7
:1098700099B209B91B0C1020D9B209B908301B0ADA
:10988000190704BF1B090430990704BF9B08023065
:10989000D90703D45B0800F1010003D013607047BF
:1098A000002070472020704710B50C460121FFF7BB
:1098B00007FF024628B9054B054840F2451100F064
:1098C000B5FC01234461036110BD00BF1CC000084A
:1098D0002DC000082DE9F04F17460A693B699A42EE
:1098E000A8BF3B468946A4BF0F4699463D69D9F8B3
:1098F00010A0BB68796805EB0A06B34285B0B8BF13
:109900000131FFF7DDFE30B90246414B41484FF4CB
:10991000B17100F08BFC00F1140404EB860E2346B9
:109920000022734520D307F1140809F1140108EB54
:10993000850501EB8A030293EB1B153B23F0030320
:1099400004331537BD4238BF04230193029B0391B2
:109950008B420CD8002E03DD5EF8043D002B55D061
:10996000066105B0BDE8F08F43F8042BD9E7B1F8E4
:1099700000A0BAF1000F1FD0C446A14600275CF832
:10998000042BD9F800301FFA82FB9BB20AFB0B3381
:109990003B44D9F80070120C3F0C0AFB027202EB38
:1099A00013429BB243EA0243654549F8043B4FEA40
:1099B0001247E4D8019BE750039BB3F802900431AF
:1099C000B9F1000F20D023684746A4464FF0000AA3
:1099D000B7F800B0BCF8022009FB0B2252449BB23E
:1099E00043EA02434CF8043B57F8043B4FEA134A5E
:1099F000BCF8003009FB0A3303EB1243BD424FEAC7
:109A0000134AE5D8019AA35004349FE7013EA1E729
:109A10001CC000082DC000082DE9F843154612F0BF
:109A2000030207460E4607D0254C013A002354F89E
:109A30002220FFF7A7FE0646AD103DD0FC697CB999
:109A40001020FFF787FD0246F86128B91D4B1E481C
:109A500040F2B31100F0EAFBC0E901440460C460C5
:109A6000D7F81C80D8F808404CB940F2712138462C
:109A7000FFF71AFF0023C8F80800044603604FF000
:109A80000009EB070AD5314622463846FFF722FF88
:109A9000314680463846FFF753FE46466D100BD0E0
:109AA000206838B9224621463846FFF713FF206068
:109AB000C0F800900446E4E73046BDE8F88300BFF4
:109AC000E0C00008ADBF00082DC000082DE9F04738
:109AD0000C464968236903EB6218A3680746914660
:109AE0004FEA621A08F10106B3420BDB3846FFF772
:109AF000E7FD054648B90246284B29484FF4EF7167
:109B000000F094FB01315B00EEE7002300F114014B
:109B100000F110021846534533DB20692AEAEA7A3D
:109B200004F1140319F01F0901EB8A0103EB800C07
:109B30002BD0C9F1200E8A460022186800FA09F0DD
:109B400010434AF8040B53F8042B9C4522FA0EF2FA
:109B5000F3D8ACEB0403153B23F00303043304F107
:109B60001500604588BF0423CA500AB108F10206F7
:109B7000013E38462E612146FFF7E2FD2846BDE84A
:109B8000F08742F8040F0133C5E7043953F8042B7A
:109B900041F8042F9C45F9D8EAE700BF1CC0000833
:109BA0002DC000080A6903460069801A30B50ED13D
:109BB0001433143103EB820401EB820154F8045D89
:109BC00051F8042D954203D005D24FF0FF3030BD3F
:109BD000A342F3D3FBE70120F9E700002DE9F74F9B
:109BE00089460646114648461446FFF7DBFF051E28
:109BF00012D129463046FFF763FD024628B93F4B94
:109C000040F237213E4800F011FB0123C0E9043542
:109C1000104603B0BDE8F08FBCBF4B46A1463046AE
:109C2000D9F80410BABF1C4601250025FFF748FDEE
:109C3000024618B9314B40F24521E3E7D9F81070DC
:109C40002669C56009F1100309F1140504F1140E29
:109C500000F1140B05EB87080EEB86060193D9463D
:109C60004FF0000C019B5EF8040B53F804AF019316
:109C70001FFA8AF3194683B2CB1A000C6344C0EB77
:109C80001A4000EB23409BB243EA0043764549F873
:109C9000043B4FEA204CE5D8331B153B23F003036C
:109CA00015340433A64238BF04231D445B441E46CA
:109CB0002C4644450ED308F10301491B21F0030152
:109CC000033DA84538BF00210B4453F8041D91B152
:109CD00017619DE754F8041BE646080C1CFA81FC4A
:109CE000714400EB2C4089B241EA004146F8041B64
:109CF0004FEA204CDDE7013FE7E700BF1CC000084A
:109D00002DC000082DE9F7430F46012159EC108BB7
:109D10001646FFF7D5FC044630B90246234B2448CB
:109D200040F20F3100F082FAC9F30A55C9F3130368
:109D30000DB143F480130193B8F1000323D06846BA
:109D40000093FFF784FDDDE90012D0B1C0F12003DC
:109D500002FA03F30B43C24063610192019BA361CA
:109D6000002B0CBF012202222261A5B1A5F23345CE
:109D700005443D60C0F135003060204603B0BDE8C9
:109D8000F0836161EAE701A8FFF761FD019B636170
:109D900020300122E8E704EB8203A0F23240386071
:109DA0001869FFF735FDC0EB4210E5E71CC000085D
:109DB0002DC000082DE9F0478E681F46BE420B6893
:109DC00082460C4690462DD8B1F90C2012F4906FC3
:109DD00026D06569096905EB4505A3EB010905EB8B
:109DE000D5757B1C4B446D109D4238BF1D465305F5
:109DF00027D52946FFF7D8FB064660B321694A46B6
:109E000000F006FAA38923F4906343F08003A38152
:109E1000266165614E44A5EB09052660A5603E46B6
:109E2000BE4200D93E4620683246414600F0C6F99F
:109E3000A3689B1BA3602368334423600020BDE814
:109E4000F0872A4600F036FA06460028E0D121695C
:109E50005046FFF735FB0C23CAF80030A38943F0C6
:109E60004003A3814FF0FF30E9E700002DE9F04FF8
:109E700098468B891B069DB007460D46144610D5A3
:109E80000B6973B94021FFF78FFB2860286130B957
:109E90000C233B604FF0FF301DB0BDE8F08F402336
:109EA0006B610023099320238DF82930CDF80C80B5
:109EB0003023DFF89C818DF82A304FF001092346CA
:109EC0009A4613F8012B0AB1252AF9D1BAEB040BF3
:109ED0000BD05B46224629463846FFF76BFF013020
:109EE00000F0A780099A5A4409929AF80030002B92
:109EF00000F09F8000234FF0FF32CDE905230AF1E7
:109F0000010A049307938DF853301A93544605229F
:109F100014F8011B4E48F6F763F9049AD8B9D00635
:109F200044BF20238DF85330110744BF2B238DF8F5
:109F300053309AF800302A2B15D0079A5446002047
:109F40004FF00A0C214611F8013B303B092B4BD94D
:109F5000B0B1079214E0A0EB080309FA03F313432E
:109F60000493A246D2E7039B191D1B680391002BA3
:109F7000BBBF5B4242F0020207930793B8BF049253
:109F800023782E2B0AD163782A2B32D1039B1A1DFA
:109F90001B68039243EAE37302340593DFF8C0A021
:109FA000217803225046F6F71BF938B1049BA0EB49
:109FB0000A004022824013430134049314F8011B29
:109FC00024488DF828100622F6F70AF9002836D022
:109FD000214B1BBB039B073323F007030833039379
:109FE000099B334409936AE70CFB02320C460120BB
:109FF000A8E700230134059319464FF00A0C2046C8
:10A0000010F8012B303A092A03D9002BC6D005914C
:10A01000C4E70CFB012104460123F0E703AB0093E6
:10A020002A460E4B04A93846FDF778FE421C064628
:10A03000D6D1AB895B063FF52DAF09982CE703AB72
:10A0400000932A46054B04A93846FEF7FFF8EDE7D2
:10A0500086C0000890C000081D7D0008B59D00085E
:10A060008CC00008B1F90C202DE9F0411607054617
:10A070000C4654D44B68002B02DC0B6C002B48DDE3
:10A08000E66A002E45D0002312F480522F68216A20
:10A090002B6030D0626DA389590705D56368D21A49
:10A0A000636B0BB1236CD21A0023E66A216A28463F
:10A0B000B047431CA38906D129681D292BD82A4AF9
:10A0C000CA40D60727D500226260D90422692260DF
:10A0D00004D5421C01D12B6803B96065616B2F6008
:10A0E000B9B104F14403994202D02846FFF7E8F9D8
:10A0F000002363630DE001232846B0470246501C4D
:10A10000C9D12B68002BC6D01D2B01D0162B1ED118
:10A110002F60002022E043F040031BB21BE00F69D8
:10A12000002FF6D093070E6808BF4B690F6018BF69
:10A130000023A6EB07088B60B8F1000FE9DD216A68
:10A14000A66A43463A462846B047002808DCB4F9D8
:10A150000C3043F04003A3814FF0FF30BDE8F081A5
:10A160000744A8EB0008E7E70100402038B50B6979
:10A1700005460C4613B90025284638BD18B1036AB8
:10A180000BB9FEF70DFAB4F90C30002BF3D0626E68
:10A19000D00704D4990502D4A06DFEF734FB2846FD
:10A1A0002146FFF75FFF636EDA070546E4D4A38913
:10A1B0009B05E1D4A06DFEF727FBDDE7884210B5D3
:10A1C00001EB020402D98442234607D8431EA14270
:10A1D00008D011F8012B03F8012FF8E702440146DB
:10A1E0008A4200D110BD13F8014D02F8014DF7E786
:10A1F00038B5064D0023044608462B60F9F7B6F83B
:10A20000431C02D12B6803B1236038BDA81600207F
:10A210000A44914200F1FF3300D1704710B511F8A4
:10A22000014B03F8014F9142F9D110BD1FB51446FF
:10A230001A46094B1B680546D8684CB1074B00917C
:10A24000CDE9013406492B4600F070F800F080F8A3
:10A25000044B1C46F3E700BF4C000020A1C00008DF
:10A26000AEC00008DCC0000870B5A1FB025434B9D0
:10A270002946FFF799F9064628B9304670BD0C22E9
:10A2800002600026F9E72A462146FEF73FFAF4E786
:10A2900082B001B901A942B14BB113780B601278B9
:10A2A000101E18BF012002B070471046FBE76FF088
:10A2B0000100F8E72DE9F041074614460D4621B9A3
:10A2C000BDE8F0411146FFF76FB92AB9FFF7F8F87A
:10A2D00025462846BDE8F08100F041F88442064654
:10A2E00002D8B4EB500FF4D821463846FFF75CF99A
:10A2F000804608B94546ECE7B4422246294628BFC5
:10A300003246FFF785FF29463846FFF7D9F8F1E7CF
:10A310000346084641B1FF2A04D98A221A604FF049
:10A32000FF3070470A700120704700000EB403B57B
:10A33000014603AB054853F8042B0068019300F075
:10A340003FF802B05DF804EB03B070474C0000200A
:10A3500008B5062000F008FA0120F8F78FFF51F841
:10A36000043C181F002BBCBF0B58C01870479368E3
:10A37000013B002B10B4936008DA9469A34201DB1F
:10A380000A2903D15DF8044B00F032B91368581C58
:10A390001060197008465DF8044B7047F8B5064622
:10A3A0000F461446D518AC4201D1002007E014F83E
:10A3B000011B3A463046FFF7DAFF431CF3D1F8BDE4
:10A3C0002DE9F04F0D469DB014469846064618B14B
:10A3D000036A0BB9FEF7E4F86B6ED90705D4AB89B5
:10A3E0009A0502D4A86DFEF70EFAAB891B0701D5BA
:10A3F0002B699BB92946304600F038F970B16B6E75
:10A40000DC0704D54FF0FF301DB0BDE8F08FAB89FD
:10A410009805F7D4A86DFEF7F7F9F3E70023099341
:10A4200020238DF82930CDF80C803023DFF8AC8163
:10A430008DF82A304FF0010923469A4613F8012B74
:10A440000AB1252AF9D1BAEB040B0BD05B462246A0
:10A4500029463046FFF7A2FF013000F0A780099A95
:10A460005A4409929AF80030002B00F09F80002394
:10A470004FF0FF32CDE905230AF1010A0493079357
:10A480008DF853301A935446052214F8011B534893
:10A49000F5F7A6FE049AD8B9D10644BF20238DF85B
:10A4A0005330130744BF2B238DF853309AF80030F4
:10A4B0002A2B15D0079A544600204FF00A0C21464B
:10A4C00011F8013B303B092B4BD9B0B1079214E096
:10A4D000A0EB080309FA03F313430493A246D2E75F
:10A4E000039B191D1B680391002BBBBF5B4242F00D
:10A4F000020207930793B8BF049223782E2B0AD148
:10A5000063782A2B32D1039B1A1D1B68039243EAFE
:10A51000E37302340593DFF8D4A021780322504678
:10A52000F5F75EFE38B1049BA0EB0A0040228240A2
:10A5300013430134049314F8011B29488DF82810A3
:10A540000622F5F74DFE00283FD0264B1BBB039B90
:10A55000073323F0070308330393099B3B44099314
:10A560006AE70CFB02320C460120A8E70023013405
:10A57000059319464FF00A0C204610F8012B303A8B
:10A58000092A03D9002BC6D00591C4E70CFB012191
:10A5900004460123F0E703AB00932A46124B04A9BB
:10A5A0003046FDF7BBFB0746781CD6D16B6ED9074A
:10A5B00005D4AB899A0502D4A86DFEF725F9AB89BD
:10A5C0005B063FF51FAF09981EE703AB00932A46D1
:10A5D000054B04A93046FDF739FEE4E786C00008C4
:10A5E00090C000081D7D00089DA300088CC00008D5
:10A5F000F8B50E461446054618B1036A0BB9FDF7C7
:10A60000CFFFA369A360A3891A0701D5236943B9C2
:10A610002146284600F02AF818B14FF0FF37384697
:10A62000F8BD23682269981A6369F6B283423746F7
:10A6300005DC21462846FFF799FD0028EDD1A368E7
:10A64000013BA36023685A1C22601E706269431C90
:10A650009A4204D0A389DB07E1D50A2EDFD1214637
:10A660002846FFF783FD0028D9D0D6E738B5294B17
:10A67000054618680C4618B1036A0BB9FDF790FF40
:10A68000B4F90C30190722D4DA0607D409222A605B
:10A6900043F04003A3814FF0FF3033E0580712D559
:10A6A000616B41B104F14403994202D02846FEF7A0
:10A6B00007FF00236363A38923F02403A3810023FE
:10A6C000636023692360A38943F00803A38123699E
:10A6D0004BB9A38903F42073B3F5007F03D021465F
:10A6E000284600F083F8B4F90C3013F001020AD0C8
:10A6F0000022A26062695242A261226942B913F04B
:10A700008000C5D138BD990758BF6269A260F4E7DF
:10A710000020F7E74C0000201F2938B505460C46FD
:10A7200004D9162303604FF0FF3038BDC26B12B15D
:10A7300052F821304BB9284600F030F82246014645
:10A740002846BDE8384000F017B8012B0AD0591C44
:10A7500003D1162303600120E7E7002142F824100B
:10A76000204698470020E0E7024B01461868FFF7B3
:10A77000D3BF00BF4C00002038B5074D002304466E
:10A78000084611462B60F8F769FD431C02D12B687F
:10A7900003B1236038BD00BFA8160020F8F756BDEE
:10A7A00070B50C46B1F90E10002996B015461E463C
:10A7B0000DDAA38913F0800F4FF0000114BF40237E
:10A7C0004FF48063002031602B6016B070BD6A4684
:10A7D00000F048F80028ECDB019901F47041A1F584
:10A7E0000053594259414FF48063EBE78B89F7B529
:10A7F0009D0706460C4607D504F1470323602361F5
:10A800000123636103B0F0BD01AB6A46FFF7C8FFE7
:10A81000009F054639463046FEF7C6FE48B9B4F9F2
:10A820000C309A05EED423F0030343F00203A38116
:10A83000E2E7A389206043F08003A381019BC4E980
:10A8400004075BB1B4F90E10304600F01DF828B1D2
:10A85000A38923F0030343F00103A381A3891D43CC
:10A86000A581CFE738B5074D0023044608461146B9
:10A870002B60F8F753FD431C02D12B6803B1236012
:10A8800038BD00BFA816002038B5064D0023044689
:10A8900008462B60F8F752FD431C02D12B6803B128
:10A8A000236038BDA816002010EE101AC1F3C7535C
:10A8B0000029A3F17F02ACBF01204FF0FF301E2A18
:10A8C0001ADC002A03DA013218BF00207047162A6A
:10A8D000D8BF4FF48003C1F31601D8BF134141F430
:10A8E0000001CDBF963B5B18C2F1170201FA03F3DA
:10A8F000D8BFD34058437047FDEEC07A17EE900A98
:10A9000070470000F8B500BFF8BC08BC9E46704711
:0CA91000F8B500BFF8BC08BC9E467047BC
:10A92000E29AA0EFB88F20535049206572726F727F
:10A9300020696E2072656769737465722072656143
:10A94000640D0A00E29AA0EFB88F205350492065A9
:10A9500072726F7220696E207265676973746572B6
:10A960002077726974650D0A00000000496E6974F1
:10A9700069616C697A696E67204D5055393235309E
:10A980002028726F627573742073657175656E63CC
:10A9900065292E2E2E0D0A0057484F5F414D5F4905
:10A9A000203D203078253032580D0A004D50553961
:10A9B00032353020646574656374696F6E2066613A
:10A9C000696C65642120476F7420307825303258D7
:10A9D0000D0A00004D50553932353020696E6974CA
:10A9E000204F4B0D0A00000043616E6E6F742063B0
:10A9F000616C696272617465202D206779726F20C5
:10AA00006E6F7420696E697469616C697A65640D32
:10AA10000A00000043616C6962726174696E6720AC
:10AA20006779726F20626961732E2E2E204B6565E7
:10AA30007020726F626F742073746174696F6E61DD
:10AA40007279210D0A0000004779726F20626961F6
:10AA5000732063616C696272617465643A20583A6C
:10AA6000252E316620593A252E3166205A3A252E58
:10AA700031660D0A00000000E29AA0EFB88F204D69
:10AA8000505539323530206E6F7420696E697469A3
:10AA9000616C697A6564202D2063616E6E6F74202D
:10AAA00072656164206779726F0D0A005350492006
:10AAB0007472616E736D6974206572726F72206951
:10AAC0006E206779726F20726561640D0A00000064
:10AAD0005350492072656365697665206572726FAF
:10AAE0007220696E206779726F20726561640D0A49
:10AAF00000000000E29AA0EFB88F204D5055393287
:10AB00003530206E6F7420696E697469616C697A82
:10AB10006564202D2063616E6E6F742072656164C0
:10AB200020616363656C0D0A0000000053504920EA
:10AB30007472616E736D6974206572726F722069D0
:10AB40006E20616363656C20726561640D0A0000AC
:10AB50005350492072656365697665206572726F2E
:10AB60007220696E20616363656C20726561640D9B
:10AB70000A0000004F4B00004641494C454400008C
:10AB80004D50553932353020537461747573202D12
:10AB900020496E69743A25730D0A000057484F5FCB
:10ABA000414D5F493A30782530325820555345524F
:10ABB0005F4354524C3A3078253032582050575227
:10ABC0005F4D474D543A3078253032580D0A000019
:10ABD0004932432064697361626C65643A20E29C87
:10ABE000850D0A004932432064697361626C6564B3
:10ABF0003A20E29D8C0D0A004779726F20583A2561
:10AC00006420593A2564205A3A252E3166C2B02F65
:10AC1000730D0A00416363656C20583A256420591E
:10AC20003A2564205A3A25640D0A0000F09FA49644
:10AC3000204348414D50494F4E53484950204D49BB
:10AC400043524F4D4F55534520494E495449414C6D
:10AC5000495A4154494F4E20F09FA4960D0A0000D6
:10AC6000E29C85204D505539323530206779726F1E
:10AC700073636F706520696E697469616C697A6568
:10AC800064207375636365737366756C6C790D0A04
:10AC900000000000E29AA0EFB88F204B45455020FD
:10ACA000524F424F542053544154494F4E415259F0
:10ACB00020647572696E67206779726F2063616CBA
:10ACC0006962726174696F6E210D0A00E29C8520D1
:10ACD0004779726F2063616C6962726174696F6E2B
:10ACE00020636F6D706C6574650D0A00E29AA0EFC9
:10ACF000B88F204779726F20696E697469616C69D9
:10AD00007A6174696F6E206661696C6564202D20BC
:10AD10007573696E67206261736963206D6F766514
:10AD20006D656E740D0A0000E29AA0EFB88F20578F
:10AD300041524E494E473A20456E636F64657273C7
:10AD4000206D6179206E6F7420626520776F726B61
:10AD5000696E672070726F7065726C790D0A000001
:10AD6000E29C8520456E636F6465727320696E692D
:10AD70007469616C697A656420616E6420726573C0
:10AD8000706F6E64696E670D0A000000E29C85209A
:10AD9000416C6C2073797374656D7320696E69748E
:10ADA00069616C697A656420737563636573736642
:10ADB000756C6C79210D0A000D0AF09F94A7205341
:10ADC000595354454D20444941474E4F53544943EC
:10ADD0005320F09F94A70D0A00000000E29D8C20F4
:10ADE000435249544943414C3A20416C6C207365AD
:10ADF0006E736F72732072656164696E67207A6525
:10AE0000726F202D20636865636B20636F6E6E65C3
:10AE10006374696F6E73210D0A000000E29C852047
:10AE200053656E736F727320726573706F6E6469B1
:10AE30006E67206E6F726D616C6C790D0A00000098
:10AE4000E29C852053797374656D206865616C742C
:10AE50006820636865636B205041535345440D0A75
:10AE600000000000E29AA0EFB88F20537973746558
:10AE70006D206865616C746820636865636B20464B
:10AE800041494C4544202D20636865636B20776100
:10AE9000726E696E67732061626F76650D0A0000DD
:10AEA000F09F94A720446961676E6F737469637340
:10AEB00020636F6D706C657465210D0A00000000E1
:10AEC000F09F929A2053797374656D207265616466
:10AED00079202D205072657373204C4546542062B2
:10AEE0007574746F6E20746F207374617274206552
:10AEF00078706C6F726174696F6E0D0A00000000EB
:10AF0000F09F94B42053797374656D206E6F742034
:10AF10007265616479202D20436865636B206469E4
:10AF200061676E6F73746963730D0A000D0AF09F99
:10AF30008EAE204D4943524F4D4F55534520434F00
:10AF40004E54524F4C20524541445920F09F8EAEF2
:10AF50000D0A00004C45465420627574746F6E3AB9
:10AF6000205374617274206578706C6F72617469BB
:10AF70006F6E0D0A00000000524947485420627568
:10AF800074746F6E3A205374617475732F456D65D8
:10AF90007267656E63792073746F700D0A0000002C
:10AFA00057616974696E6720666F72207573657288
:10AFB00020696E7075742E2E2E0D0A004C65667415
:10AFC00020627574746F6E20707265737365640DA2
:10AFD0000A000000526967687420627574746F6EAD
:10AFE00020707265737365640D0A0000E29C852011
:10AFF000414443204750494F20636F6E666967752F
:10B00000726174696F6E2076657269666965640D38
:10B010000A0000000D0A3D3D3D20494E495449417A
:10B020004C495A494E47204D415A45204558504CAD
:10B030004F524154494F4E203D3D3D0D0A00000006
:10B040004D617A652053697A653A202564782564D4
:10B050000D0A000043656E7465723A202825642C41
:10B0600025642920746F202825642C2564290D0A65
:10B07000000000004D617A65206578706C6F726128
:10B0800074696F6E20696E697469616C697A656450
:10B09000207375636365737366756C6C79210D0A33
:10B0A000000000003D3D3D3D3D3D3D3D3D3D3D3DC4
:10B0B0003D3D3D3D3D3D3D3D3D3D3D3D3D3D3D3DC0
:10B0C0003D3D3D3D3D3D3D3D3D3D3D3D3D3D0D0A13
:10B0D00000000000466C6F6F642066696C6C206332
:10B0E0006F6D706C6574653A2025642075706461BD
:10B0F0007465730D0A0000005475726E696E6720E6
:10B1000052494748542E2E2E0D0A00005475726E77
:10B11000696E672041524F554E442E2E2E0D0A0067
:10B120005475726E696E67204C4546542E2E2E0D56
:10B130000A0000004D6F76696E6720666F72776156
:10B1400072642066726F6D202825642C2564292086
:10B15000746F2000424C4F434B4544202D204F75C7
:10B1600074206F6620626F756E6473210D0A000093
:10B170002825642C2564290D0A00000059000000D0
:10B180004E00000057616C6C7320646574656374D5
:10B1900065643A20463A2573204C3A257320523A8A
:10B1A00025730D0A000000000D0AF09F9A802053BD
:10B1B00054415254494E47204D415A45204558501C
:10B1C0004C4F524154494F4E20F09F9A800D0A0037
:10B1D000E29D8C204D6F76656D656E7420666169A9
:10B1E0006C65642120547279696E6720616C7465A6
:10B1F000726E61746976652E2E2E0D0A00000000B5
:10B20000537465702025643A20506F736974696FB8
:10B210006E202825642C2564292C204469726563DE
:10B2200074696F6E3A2025730D0A0000F09F8EAF8F
:10B230002043454E54455220524541434845442100
:10B2400020F09F8EAF0D0A004E6F772072657475E7
:10B25000726E696E6720746F2073746172742E2E23
:10B260002E0D0A00F09F8F812052455455524E45B5
:10B270004420544F2053544152542120F09F8F8139
:10B280000D0A0000E29D8C204578706C6F7261742D
:10B29000696F6E20696E636F6D706C657465206197
:10B2A000667465722025642073746570730D0A00DE
:10B2B000546F74616C206578706C6F726174696F23
:10B2C0006E2073746570733A2025640D0A000000C7
:10B2D000F09F90AD204D4943524F4D4F555345205F
:10B2E0004D415A45204558504C4F524154494F4EBC
:10B2F00020F09F90AD0D0A00506861736520313ACF
:10B30000204578706C6F72696E6720746F2063657A
:10B310006E7465722E2E2E0D0A0000005068617347
:10B320006520323A2052657475726E696E672074BA
:10B330006F2073746172742E2E2E0D0A00000000AF
:10B340000D0AF09F8F86204558504C4F524154496A
:10B350004F4E20434F4D504C4554452120F09F8F78
:10B36000860D0A004578706C6F726174696F6E208B
:10B37000436F7665726167653A2025642F256420E6
:10B3800063656C6C732028252E31662525290D0AEE
:10B3900000000000F09F9A80205265616479206669
:10B3A0006F722073706565642072756E206F7074A3
:10B3B000696D697A6174696F6E2120F09F9A800DC2
:10B3C0000A000000464C3A257520202046523A25B6
:10B3D0007520204677616C6C3A20256420534C3AE6
:10B3E0002575204C77616C6C3A20256420205352DF
:10B3F0003A257520205277616C6C3A202564202014
:10B400000D0A00000500000002000000040000001A
:10B41000030000000004024000000240000002405F
:10B420000004024000020001000200015900000077
:10B430004E00000057616C6C733A20463A25732029
:10B440004C3A257320523A2573205B464C3A2564CA
:10B450002046523A256420534C3A25642053523AF0
:10B4600025645D0D0A0000000D0A3D3D3D20454E5E
:10B4700048414E4345442053454E534F522043418B
:10B480004C4942524154494F4E203D3D3D0D0A002A
:10B49000506861736520313A2041444320537973E9
:10B4A00074656D2056616C69646174696F6E0D0A14
:10B4B00000000000E29D8C20414443206E6F742008
:10B4C0007265616479202D20617474656D70746992
:10B4D0006E672072652D696E697469616C697A6145
:10B4E00074696F6E0D0A0000E29D8C20435249542E
:10B4F0004943414C3A2041444320696E6974696173
:10B500006C697A6174696F6E206661696C6564212B
:10B510000D0A0000E29D8C204144433120636C6F92
:10B52000636B2064697361626C65640D0A000000DE
:10B53000E29D8C204750494F4120636C6F636B2024
:10B5400064697361626C65640D0A0000E29C852089
:10B550004144432073797374656D2076616C69642E
:10B560006174696F6E207061737365640D0A000009
:10B57000506861736520323A204D65617375726958
:10B580006E6720616D6269656E7420626173656CBF
:10B59000696E65732028495220656D6974746572FF
:10B5A00073204F4646290D0A00000000416D626974
:10B5B000656E7420626173656C696E6573202865C1
:10B5C0006D697474657273204F4646293A0D0A00FE
:10B5D000202046726F6E74204C6566743A202025D8
:10B5E000640D0A00202046726F6E742052696768ED
:10B5F000743A2025640D0A00202053696465204CAC
:10B600006566743A20202025640D0A0020205369C5
:10B6100064652052696768743A202025640D0A0029
:10B62000506861736520333A204D656173757269A6
:10B630006E6720646966666572656E7469616C2008
:10B64000726573706F6E7365207065722073656EBE
:10B65000736F720D0A000000446966666572656E5C
:10B660007469616C20726573706F6E736520284F0A
:10B670004E2D4F4646293A0D0A0000002020467202
:10B680006F6E74204C6566743A2020257520286EF4
:10B690006F6973653A20252E3166290D0A00000076
:10B6A000202046726F6E742052696768743A2025B4
:10B6B0007520286E6F6973653A20252E3166290D35
:10B6C0000A000000202053696465204C6566743AC6
:10B6D000202020257520286E6F6973653A20252E5D
:10B6E0003166290D0A00000020205369646520524C
:10B6F000696768743A2020257520286E6F69736524
:10B700003A20252E3166290D0A0000005068617329
:10B710006520343A2043616C63756C6174696E67AF
:10B7200020646966666572656E7469616C20776114
:10B730006C6C207468726573686F6C64730D0A00BA
:10B74000446966666572656E7469616C2077616CC8
:10B750006C207468726573686F6C64733A0D0A00CC
:10B76000202046726F6E74204C6566743A20202546
:10B77000750D0A00202046726F6E7420526967684A
:10B78000743A2025750D0A00202053696465204C09
:10B790006566743A20202025750D0A002020536923
:10B7A00064652052696768743A202025750D0A0087
:10B7B000506861736520353A20426174746572790E
:10B7C00020766F6C7461676520626173656C696E69
:10B7D00065206D6561737572656D656E740D0A0027
:10B7E0004261747465727920626173656C696E651B
:10B7F0003A2025642028252E326656290D0A00009D
:10B80000E29AA0EFB88F20426174746572793A2091
:10B810004C6F7720766F6C74616765206465746522
:10B82000637465640D0A0000E29AA0EFB88F2042AD
:10B830006174746572793A20566F6C746167652023
:10B84000746F6F20686967680D0A0000E29C8520AC
:10B85000426174746572793A204865616C746879E4
:10B860000D0A0000E29C852053454E534F52204361
:10B87000414C4942524154494F4E20434F4D504C48
:10B88000455445202D20416C6C2073797374656D8F
:10B8900073206E6F6D696E616C0D0A0044796E6184
:10B8A0006D6963207468726573686F6C6473207768
:10B8B000696C6C206265207573656420666F722008
:10B8C00077616C6C20646574656374696F6E0D0AD2
:10B8D00000000000E29AA0EFB88F2053454E534F6E
:10B8E000522043414C4942524154494F4E20434F0C
:10B8F0004D504C455445202D20536F6D6520697384
:10B90000737565732064657465637465640D0A00FE
:10B91000526F626F742077696C6C20636F6E74690C
:10B920006E75652077697468206465677261646507
:10B93000642073656E736F7220706572666F726DCE
:10B94000616E63650D0A00003D3D3D3D3D3D3D3D61
:10B950003D3D3D3D3D3D3D3D3D3D3D3D3D3D3D3D17
:10B960003D3D3D3D3D3D3D3D3D3D3D3D3D0D0A00A7
:10B970000D0A3D3D3D2044455441494C454420532A
:10B98000454E534F5220535441545553203D3D3D55
:10B990000D0A000043616C6962726174696F6E3AEE
:10B9A00020E29C852056414C49440D0A00000000CD
:10B9B00043757272656E742072656164696E677337
:10B9C00020767320626173656C696E65733A0D0A47
:10B9D0000000000046726F6E74204C65667420286B
:10B9E00064696666293A202025752028616D6269A0
:10B9F000656E743A2025752C2074683A20257529C7
:10BA00000D0A000046726F6E7420526967687420D8
:10BA10002864696666293A2025752028616D626967
:10BA2000656E743A2025752C2074683A2025752996
:10BA30000D0A000053696465204C65667420286413
:10BA4000696666293A2025752028616D6269656EF0
:10BA5000743A2025752C2074683A202575290D0A22
:10BA600000000000536964652052696768742028EB
:10BA700064696666293A2025752028616D626965CA
:10BA80006E743A2025752C2074683A202575290D8E
:10BA90000A000000426174746572793A20256420BE
:10BAA00028626173656C696E653A202564290D0A08
:10BAB00000000000594553004E4F000057616C6C68
:10BAC00020646574656374696F6E3A20463A257325
:10BAD000204C3A257320523A25730D0A00000000CD
:10BAE00043616C6962726174696F6E3A20E29D8C89
:10BAF00020494E56414C4944202D205573696E67AC
:10BB00002064656661756C74207468726573686F13
:10BB10006C64730D0A0000003D3D3D3D3D3D3D3DE3
:10BB20003D3D3D3D3D3D3D3D3D3D3D3D3D3D3D3D45
:10BB30003D3D3D3D3D3D3D0D0A0000000D0A3D3DB2
:10BB40003D204144432053595354454D20444941DD
:10BB5000474E4F5354494353203D3D3D0D0A00008D
:10BB6000E29C85204144433120636C6F636B3A2033
:10BB7000454E41424C45440D0A000000E29D8C2098
:10BB80004144433120636C6F636B3A204449534115
:10BB9000424C45440D0A0000E29C85204750494F25
:10BBA0004120636C6F636B3A20454E41424C4544E3
:10BBB0000D0A0000E29D8C204750494F4120636CE4
:10BBC0006F636B3A2044495341424C45440D0A008F
:10BBD000E29C85204144432073746174653A20528D
:10BBE000454144590D0A0000E29AA0EFB88F204168
:10BBF00044432073746174653A2025640D0A000083
:10BC000054657374696E6720696E646976696475DA
:10BC1000616C206368616E6E656C733A0D0A00009A
:10BC20002573202843482564293A2025640D0A00FD
:10BC300000000000020000000300000004000000FB
:10BC400005000000426174746572790046726F6E7F
:10BC5000745F526967687400536964655F5269670D
:10BC600068740000536964655F4C65667400000089
:10BC700046726F6E745F4C656674000044BC0008C9
:10BC80004CBC000858BC000864BC000870BC00082C
:10BC90000D0A3D3D3D2049522053454E534F522001
:10BCA000444941474E4F53544943203D3D3D0D0AC1
:10BCB0000000000025733A204F46463D25642C20A5
:10BCC0004F4E3D25642C20444946463D25640D0ACF
:10BCD000000000003D3D3D20506C616365206861BF
:10BCE0006E642F6F626A6563742035636D206672BF
:10BCF0006F6D2073656E736F7220616E6420726564
:10BD000074657374203D3D3D0D0A000046726F6EF0
:10BD100074204C656674000046726F6E7420526920
:10BD20006768740053696465204C656674000000A0
:10BD30005369646520526967687400000CBD00088F
:10BD400018BD000824BD000830BD00082B0000000D
:10BD50002A00000029000000280000002700000041
:10BD60002600000025000000240000002300000041
:10BD70002200000021000000200000001F00000041
:10BD80001E0000001D0000001C0000001B00000041
:10BD90001A00000019000000180000001700000041
:10BDA0001600000015000000140000001300000041
:10BDB0001200000011000000100000000F00000041
:10BDC0000E0000000D0000000C0000000B00000041
:10BDD0008FC2953FA4709D3FB81EA53F7B14AE3F18
:10BDE0003D0AB73FAE47C13F1F85CB3F8FC2D53F0E
:10BDF000AE47E13FCDCCEC3F9A99F93F3333034056
:10BE0000713D0A4085EB11409A99194085EB21401C
:10BE100048E12A40E17A344052B83E40713D4A4000
:10BE20008FC2554033336340D7A370400000804039
:10BE3000EC518840AE47914033339B407B14A64081
:10BE4000713DB240295CBF406666CE4052B8DE40CC
:10BE5000000000002A000000290000002800000067
:10BE6000270000002600000025000000240000003C
:10BE7000230000002200000021000000200000003C
:10BE80001F0000001E0000001D0000001C0000003C
:10BE90001B0000001A00000019000000180000003C
:10BEA000170000001600000015000000140000003C
:10BEB000130000001200000011000000100000003C
:10BEC0000F0000000E0000000D0000000C0000003C
:10BED0000B0000008FC2953FA4709D3FB81EA53F88
:10BEE0007B14AE3F3D0AB73FAE47C13F1F85CB3FF6
:10BEF0008FC2D53FAE47E13FCDCCEC3F9A99F93F99
:10BF000033330340713D0A4085EB11409A99194043
:10BF100085EB214048E12A40E17A344052B83E4066
:10BF2000713D4A408FC2554033336340D7A37040C0
:10BF300000008040EC518840AE47914033339B4035
:10BF40007B14A640713DB240295CBF406666CE407E
:10BF500052B8DE40000000000000000001020304AF
:10BF6000060708090000000001020304494E4600CC
:10BF7000696E66004E414E006E616E0030003031D9
:10BF80003233343536373839414243444546003040
:10BF9000313233343536373839616263646566006F
:10BFA000496E66696E697479004E614E005245456E
:10BFB0004E54206D616C6C6F6320737563636565AF
:10BFC000646564002F6275696C642F676E752D74EB
:10BFD0006F6F6C732D666F722D73746D33325F31BA
:10BFE000332E332E72656C312E323032343039328A
:10BFF000362D313731352F7372632F6E65776C694B
:10C00000622F6E65776C69622F6C6962632F73743F
:10C01000646C69622F64746F612E630042616C6CA2
:10C020006F6320737563636565646564002F627573
:10C03000696C642F676E752D746F6F6C732D666FEE
:10C04000722D73746D33325F31332E332E72656C03
:10C05000312E32303234303932362D313731352FBE
:10C060007372632F6E65776C69622F6E65776C698A
:10C07000622F6C6962632F7374646C69622F6D70D8
:10C080007265632E6300232D302B2000686C4C00FA
:10C09000656667454647004300504F534958002E98
:10C0A000002C2066756E6374696F6E3A20006173B0
:10C0B00073657274696F6E20222573222066616930
:10C0C0006C65643A2066696C6520222573222C20F9
:10C0D0006C696E65202564257325730A00000000D5
:10C0E00005000000190000007D00000000000000B5
:10C0F0000080E03779C34143176E05B5B5B8934664
:10C10000F5F93FE9034F384D321D30F94877825A2F
:10C110003CBF737FDD4F1575000000000000F03F4D
:10C120000000000000002440000000000000594012
:10C130000000000000408F40000000000088C34065
:10C1400000000000006AF8400000000080842E41DA
:10C1500000000000D01263410000000084D7974126
:10C160000000000065CDCD41000000205FA002422C
:10C17000000000E876483742000000A2941A6D42A1
:10C18000000040E59C30A2420000901EC4BCD64294
:10C1900000003426F56B0C430080E03779C341433F
:10C1A00000A0D8855734764300C84E676DC1AB43B5
:10C1B000003D9160E458E143408CB5781DAF1544D3
:10C1C00050EFE2D6E41A4B4492D54D06CFF08044AE
:10C1D000F64AE1C7022DB544B49DD9794378EA44C3
:10C1E0000020202020202020202028282828282047
:10C1F000202020202020202020202020202020203F
:10C2000020881010101010101010101010101010A6
:10C210001004040404040404040404101010101096
:10C220001010414141414141010101010101010160
:10C2300001010101010101010101010110101010B2
:10C240001010424242424242020202020202020232
:10C250000202020202020202020202021010101086
:10C2600020000000000000000000000000000000AE
:10C2700000000000000000000000000000000000BE
:10C2800000000000000000000000000000000000AE
:10C29000000000000000000000000000000000009E
:10C2A000000000000000000000000000000000008E
:10C2B000000000000000000000000000000000007E
:10C2C000000000000000000000000000000000006E
:10C2D000000000000000000000000000000000005E
:04C2E000000000005A
:08C2E400FC3EFF7F0100000099
:04C2EC00C501000880
:04C2F000A1010008A0
:10C2F40000800080F401000032000000E803000028
:10C30400CDCC4C3D3333B33E00007A430000803F34
:10C314000000C842010000007C0100000000A040B1
:10C324000000A0400024F400100000000100000000
:10C3340000000000030000006C15002050000020E5
:10C34400000000006C150020D41500203C160020CD
:10C3540000000000000000000000000000000000D9
:10C3640000000000000000000000000000000000C9
:10C3740000000000000000000000000000000000B9
:10C384000000000000000000000000004300000066
:10C394000000000000000000000000000000000099
:10C3A4000000000000000000000000004300000046
:10C3B4000000000000000000000000000000000079
:10C3C4000000000000000000000000004300000026
:10C3D4000000000000000000000000000000000059
:10C3E4000000000000000000000000004300000006
:10C3F4000000000000000000000000000000000039
:10C4040000000000000000000000000043000000E5
:10C414000000000000000000000000000000000018
:10C4240000000000000000000000000043000000C5
:10C4340000000000000000000000000000000000F8
:10C4440000000000000000000000000043000000A5
:10C4540000000000000000000000000000000000D8
:10C4640000000000000000000000000011A300080C
:10C4740091A2000800000000E0C100089FC000086D
:10C48400DCC00008DCC00008DCC00008DCC0000818
:10C49400DCC00008DCC00008DCC00008DCC0000808
:10C4A400DCC00008FFFFFFFFFFFFFFFFFFFFFFFFF0
:10C4B400FFFF000001004153434949000000000010
:10C4C4000000000000000000000000000000000068
:10C4D40000000000000041534349490000000000EF
:10C4E4000000000000000000000000000000000048
:08C4F400000000000000000040
:040000050800348932
>>>>>>> Stashed changes
:00000001FF
